År;Kommun;Församling;Summa_inkl_kyrkoavgift;Summa_exkl_kyrkoavgift;Begravnings_avgift;Kyrkoavgift
2019;UPPLANDS VÄSBY;EDS FÖRSAMLING;32.638;31.753;0.253;0.885
2019;UPPLANDS VÄSBY;FRESTA FÖRSAMLING;32.548;31.753;0.253;0.795
2019;UPPLANDS VÄSBY;HAMMARBY FÖRSAMLING;32.588;31.753;0.253;0.835
2019;VALLENTUNA;VALLENTUNA FÖRSAMLING;32.168;31.333;0.253;0.835
2019;VALLENTUNA;ÖSSEBY FÖRSAMLING;32.473;31.333;0.253;1.14
2019;ÖSTERÅKER;LJUSTERÖ-KULLA FÖRSAMLING;30.168;29.433;0.253;0.735
2019;ÖSTERÅKER;ÖSTERÅKER-ÖSTRA RYDS FÖRSAMLING;30.168;29.433;0.253;0.735
2019;VÄRMDÖ;DJURÖ, MÖJA OCH NÄMDÖ FÖRSAMLING;32.678;31.513;0.253;1.165
2019;VÄRMDÖ;GUSTAVSBERG-INGARÖ FÖRSAMLING;32.288;31.513;0.253;0.775
2019;VÄRMDÖ;VÄRMDÖ FÖRSAMLING;32.378;31.513;0.253;0.865
2019;JÄRFÄLLA;JÄRFÄLLA FÖRSAMLING;32.168;31.483;0.253;0.685
2019;EKERÖ;ADELSÖ-MUNSÖ FÖRSAMLING;32.518;31.583;0.253;0.935
2019;EKERÖ;EKERÖ FÖRSAMLING;32.518;31.583;0.253;0.935
2019;EKERÖ;FÄRINGSÖ FÖRSAMLING;32.568;31.583;0.253;0.985
2019;EKERÖ;LOVÖ FÖRSAMLING;32.518;31.583;0.253;0.935
2019;HUDDINGE;FLEMINGSBERGS FÖRSAMLING;32.918;32.203;0.253;0.715
2019;HUDDINGE;HUDDINGE FÖRSAMLING;32.918;32.203;0.253;0.715
2019;HUDDINGE;S:T MIKAELS FÖRSAMLING;32.918;32.203;0.253;0.715
2019;HUDDINGE;TRÅNGSUND-SKOGÅS FÖRSAMLING;32.918;32.203;0.253;0.715
2019;BOTKYRKA;BOTKYRKA FÖRSAMLING;33.418;32.483;0.253;0.935
2019;BOTKYRKA;GRÖDINGE FÖRSAMLING;33.493;32.483;0.253;1.01
2019;SALEM;SALEMS FÖRSAMLING;32.842;32.003;0.253;0.839
2019;HANINGE;DALARÖ-ORNÖ-UTÖ FÖRSAMLING;32.858;32.013;0.253;0.845
2019;HANINGE;VÄSTERHANINGE-MUSKÖ FÖRSAMLING;32.858;32.013;0.253;0.845
2019;HANINGE;ÖSTERHANINGE FÖRSAMLING;32.858;32.013;0.253;0.845
2019;TYRESÖ;TYRESÖ FÖRSAMLING;33.098;32.283;0.253;0.815
2019;UPPLANDS-BRO;BRO FÖRSAMLING;32.873;31.933;0.253;0.94
2019;UPPLANDS-BRO;KUNGSÄNGEN-VÄSTRA RYDS FÖRSAMLING;32.813;31.933;0.253;0.88
2019;NYKVARN;TURINGE-TAXINGE FÖRSAMLING;33.373;32.303;0.253;1.07
2019;TÄBY;TÄBY FÖRSAMLING;30.658;29.883;0.253;0.775
2019;DANDERYD;DANDERYDS FÖRSAMLING;30.608;29.883;0.253;0.725
2019;SOLLENTUNA;SOLLENTUNA FÖRSAMLING;31.248;30.453;0.253;0.795
2019;STOCKHOLM;ADOLF FREDRIKS FÖRSAMLING;30.99;29.885;0.065;1.105
2019;STOCKHOLM;BROMMA FÖRSAMLING;30.54;29.885;0.065;0.655
2019;STOCKHOLM;BRÄNNKYRKA FÖRSAMLING;30.64;29.885;0.065;0.755
2019;STOCKHOLM;ENGELBREKTS FÖRSAMLING;30.67;29.885;0.065;0.785
2019;STOCKHOLM;ENSKEDE-ÅRSTA FÖRSAMLING;30.68;29.885;0.065;0.795
2019;STOCKHOLM;FARSTA FÖRSAMLING;30.75;29.885;0.065;0.865
2019;STOCKHOLM;FINSKA FÖRSAMLINGEN;30.82;29.885;0.065;0.935
2019;STOCKHOLM;GUSTAV VASA FÖRSAMLING;30.86;29.885;0.065;0.975
2019;STOCKHOLM;HEDVIG ELEONORA FÖRSAMLING;30.62;29.885;0.065;0.735
2019;STOCKHOLM;HOVFÖRSAMLINGEN;30.685;29.885;0.065;0.80
2019;STOCKHOLM;HÄGERSTENS FÖRSAMLING;30.545;29.885;0.065;0.66
2019;STOCKHOLM;HÄSSELBY FÖRSAMLING;30.57;29.885;0.065;0.685
2019;STOCKHOLM;HÖGALIDS FÖRSAMLING;30.75;29.885;0.065;0.865
2019;STOCKHOLM;KATARINA FÖRSAMLING;30.705;29.885;0.065;0.82
2019;STOCKHOLM;MARIA MAGDALENA FÖRSAMLING;30.75;29.885;0.065;0.865
2019;STOCKHOLM;OSCARS FÖRSAMLING;30.57;29.885;0.065;0.685
2019;STOCKHOLM;SKARPNÄCKS FÖRSAMLING;30.765;29.885;0.065;0.88
2019;STOCKHOLM;SKÄRHOLMENS FÖRSAMLING;30.78;29.885;0.065;0.895
2019;STOCKHOLM;SOFIA FÖRSAMLING;30.71;29.885;0.065;0.825
2019;STOCKHOLM;SPÅNGA-KISTA FÖRSAMLING;30.66;29.885;0.065;0.775
2019;STOCKHOLM;S:T JOHANNES FÖRSAMLING;30.82;29.885;0.065;0.935
2019;STOCKHOLM;S:T MATTEUS FÖRSAMLING;30.55;29.885;0.065;0.665
2019;STOCKHOLM;STOCKHOLMS DOMKYRKOFÖRSAMLING;30.91;29.885;0.065;1.025
2019;STOCKHOLM;TYSKA S:TA GERTRUDS FÖRSAMLING;30.66;29.885;0.065;0.775
2019;STOCKHOLM;VANTÖRS FÖRSAMLING;30.63;29.885;0.065;0.745
2019;STOCKHOLM;VÄLLINGBY FÖRSAMLING;30.61;29.885;0.065;0.725
2019;STOCKHOLM;VÄSTERLEDS FÖRSAMLING;30.59;29.885;0.065;0.705
2019;STOCKHOLM;VÄSTERMALMS FÖRSAMLING;30.58;29.885;0.065;0.695
2019;SÖDERTÄLJE;ENHÖRNA FÖRSAMLING;33.373;32.483;0.253;0.89
2019;SÖDERTÄLJE;HÖLÖ-MÖRKÖ FÖRSAMLING;33.593;32.483;0.253;1.11
2019;SÖDERTÄLJE;SÖDERTÄLJE FÖRSAMLING;33.373;32.483;0.253;0.89
2019;SÖDERTÄLJE;VÅRDINGE FÖRSAMLING;33.553;32.483;0.253;1.07
2019;SÖDERTÄLJE;YTTERJÄRNA FÖRSAMLING;33.553;32.483;0.253;1.07
2019;SÖDERTÄLJE;ÖSTERTÄLJE FÖRSAMLING;33.373;32.483;0.253;0.89
2019;SÖDERTÄLJE;ÖVERJÄRNA FÖRSAMLING;33.553;32.483;0.253;1.07
2019;NACKA;BOO FÖRSAMLING;31.548;30.763;0.253;0.785
2019;NACKA;NACKA FÖRSAMLING;31.558;30.763;0.253;0.795
2019;NACKA;SALTSJÖBADENS FÖRSAMLING;31.638;30.763;0.253;0.875
2019;SUNDBYBERG;SUNDBYBERGS FÖRSAMLING;31.953;31.233;0.253;0.72
2019;SOLNA;SOLNA FÖRSAMLING;30.138;29.453;0.253;0.685
2019;LIDINGÖ;LIDINGÖ FÖRSAMLING;31.288;30.623;0.253;0.665
2019;VAXHOLM;VAXHOLMS FÖRSAMLING;32.958;32.113;0.253;0.845
2019;NORRTÄLJE;BLIDÖ FÖRSAMLING;33.113;32.053;0.253;1.06
2019;NORRTÄLJE;EDSBRO-UNUNGE FÖRSAMLING;33.243;32.053;0.253;1.19
2019;NORRTÄLJE;ESTUNA OCH SÖDERBY-KARLS FÖRSAMLING;33.113;32.053;0.253;1.06
2019;NORRTÄLJE;FASTERNA FÖRSAMLING;33.243;32.053;0.253;1.19
2019;NORRTÄLJE;FRÖTUNA FÖRSAMLING;33.113;32.053;0.253;1.06
2019;NORRTÄLJE;GOTTRÖRA FÖRSAMLING;33.243;32.053;0.253;1.19
2019;NORRTÄLJE;HUSBY, SKEDERIDS OCH RÖ FÖRSAMLING;33.243;32.053;0.253;1.19
2019;NORRTÄLJE;HÄVERÖ-EDEBO FÖRSAMLING;33.243;32.053;0.253;1.19
2019;NORRTÄLJE;LOHÄRADS FÖRSAMLING;33.113;32.053;0.253;1.06
2019;NORRTÄLJE;LÄNNA FÖRSAMLING;33.113;32.053;0.253;1.06
2019;NORRTÄLJE;NORRTÄLJE-MALSTA FÖRSAMLING;33.113;32.053;0.253;1.06
2019;NORRTÄLJE;NÄRTUNA FÖRSAMLING;33.243;32.053;0.253;1.19
2019;NORRTÄLJE;RIALA FÖRSAMLING;33.113;32.053;0.253;1.06
2019;NORRTÄLJE;RIMBO FÖRSAMLING;33.243;32.053;0.253;1.19
2019;NORRTÄLJE;ROSLAGSBRO-VÄTÖ FÖRSAMLING;33.113;32.053;0.253;1.06
2019;NORRTÄLJE;RÅDMANSÖ FÖRSAMLING;33.113;32.053;0.253;1.06
2019;NORRTÄLJE;VÄDDÖ FÖRSAMLING;33.113;32.053;0.253;1.06
2019;SIGTUNA;HUSBY-ÄRLINGHUNDRA FÖRSAMLING;33.263;32.333;0.253;0.93
2019;SIGTUNA;NORRSUNDA FÖRSAMLING;33.263;32.333;0.253;0.93
2019;SIGTUNA;SIGTUNA FÖRSAMLING;33.453;32.333;0.253;1.12
2019;SIGTUNA;SKEPPTUNA FÖRSAMLING;33.263;32.333;0.253;0.93
2019;SIGTUNA;VALSTA FÖRSAMLING;33.263;32.333;0.253;0.93
2019;NYNÄSHAMN;NYNÄSHAMNS FÖRSAMLING;33.073;32.183;0.253;0.89
2019;NYNÄSHAMN;SORUNDA FÖRSAMLING;32.953;32.183;0.253;0.77
2019;NYNÄSHAMN;ÖSMO-TORÖ FÖRSAMLING;33.253;32.183;0.253;1.07
2019;HÅBO;HÄGGEBY FÖRSAMLING;34.423;33.303;0.253;1.12
2019;HÅBO;KALMAR-YTTERGRANS FÖRSAMLING;34.423;33.303;0.253;1.12
2019;HÅBO;SKOKLOSTERS FÖRSAMLING;34.423;33.303;0.253;1.12
2019;HÅBO;ÖVERGRANS FÖRSAMLING;34.423;33.303;0.253;1.12
2019;ÄLVKARLEBY;ÄLVKARLEBY-SKUTSKÄRS FÖRSAMLING;35.693;34.653;0.253;1.04
2019;KNIVSTA;ALSIKE FÖRSAMLING;34.603;33.573;0.253;1.03
2019;KNIVSTA;HUSBY-LÅNGHUNDRA FÖRSAMLING;34.603;33.573;0.253;1.03
2019;KNIVSTA;KNIVSTA FÖRSAMLING;34.603;33.573;0.253;1.03
2019;KNIVSTA;LAGGA FÖRSAMLING;34.603;33.573;0.253;1.03
2019;KNIVSTA;VASSUNDA FÖRSAMLING;34.603;33.573;0.253;1.03
2019;KNIVSTA;ÖSTUNA FÖRSAMLING;34.603;33.573;0.253;1.03
2019;HEBY;ENÅKERS FÖRSAMLING;35.703;34.463;0.253;1.24
2019;HEBY;HARBO FÖRSAMLING;35.783;34.463;0.253;1.32
2019;HEBY;HUDDUNGE FÖRSAMLING;35.703;34.463;0.253;1.24
2019;HEBY;NORA FÖRSAMLING;35.703;34.463;0.253;1.24
2019;HEBY;VITTINGE FÖRSAMLING;35.733;34.463;0.253;1.27
2019;HEBY;VÄSTERLÖVSTA FÖRSAMLING;35.703;34.463;0.253;1.24
2019;HEBY;ÖSTERVÅLA FÖRSAMLING;35.783;34.463;0.253;1.32
2019;TIERP;HÅLLNÄS-ÖSTERLÖVSTA FÖRSAMLING;34.673;32.953;0.253;1.42
2019;TIERP;TIERP-SÖDERFORS FÖRSAMLING;34.733;32.953;0.253;1.48
2019;TIERP;TOLFTA FÖRSAMLING;34.673;32.953;0.253;1.42
2019;TIERP;VENDEL-TEGELSMORA FÖRSAMLING;34.803;32.953;0.253;1.55
2019;TIERP;VÄSTLANDS FÖRSAMLING;34.673;32.953;0.253;1.42
2019;UPPSALA;ALMUNGE FÖRSAMLING;34.263;33.103;0.253;1.16
2019;UPPSALA;BALINGSTA FÖRSAMLING;34.303;33.103;0.253;1.20
2019;UPPSALA;BJÖRKLINGE FÖRSAMLING;34.323;33.103;0.253;1.22
2019;UPPSALA;BÄLINGEBYGDENS FÖRSAMLING;34.253;33.103;0.253;1.15
2019;UPPSALA;DALBY FÖRSAMLING;34.303;33.103;0.253;1.20
2019;UPPSALA;DANMARK-FUNBO FÖRSAMLING;34.153;33.103;0.253;1.05
2019;UPPSALA;FARINGE FÖRSAMLING;34.263;33.103;0.253;1.16
2019;UPPSALA;GAMLA UPPSALA FÖRSAMLING;34.053;33.103;0.253;0.95
2019;UPPSALA;GOTTSUNDA FÖRSAMLING;34.053;33.103;0.253;0.95
2019;UPPSALA;HAGBY FÖRSAMLING;34.303;33.103;0.253;1.20
2019;UPPSALA;HELGA TREFALDIGHETS FÖRSAMLING;34.053;33.103;0.253;0.95
2019;UPPSALA;KNUTBY-BLADÅKERS FÖRSAMLING;34.263;33.103;0.253;1.16
2019;UPPSALA;LENA FÖRSAMLING;34.203;33.103;0.253;1.10
2019;UPPSALA;NORRA HAGUNDA FÖRSAMLING;34.373;33.103;0.253;1.27
2019;UPPSALA;RAMSTA FÖRSAMLING;34.303;33.103;0.253;1.20
2019;UPPSALA;RASBO-RASBOKILS FÖRSAMLING;34.323;33.103;0.253;1.22
2019;UPPSALA;SKUTTUNGE FÖRSAMLING;34.323;33.103;0.253;1.22
2019;UPPSALA;STAVBY FÖRSAMLING;34.323;33.103;0.253;1.22
2019;UPPSALA;TENSTA FÖRSAMLING;34.203;33.103;0.253;1.10
2019;UPPSALA;TUNA FÖRSAMLING;34.323;33.103;0.253;1.22
2019;UPPSALA;UPPSALA DOMKYRKOFÖRSAMLING;34.053;33.103;0.253;0.95
2019;UPPSALA;UPPSALA-NÄS FÖRSAMLING;34.303;33.103;0.253;1.20
2019;UPPSALA;VAKSALA FÖRSAMLING;34.053;33.103;0.253;0.95
2019;UPPSALA;VIKSTA FÖRSAMLING;34.323;33.103;0.253;1.22
2019;UPPSALA;VÄSTERÅKERS FÖRSAMLING;34.303;33.103;0.253;1.20
2019;UPPSALA;ÄRENTUNA FÖRSAMLING;34.203;33.103;0.253;1.10
2019;ENKÖPING;BOGLÖSA FÖRSAMLING;34.423;33.303;0.253;1.12
2019;ENKÖPING;ENKÖPINGS FÖRSAMLING;34.423;33.303;0.253;1.12
2019;ENKÖPING;FJÄRDHUNDRA FÖRSAMLING;34.713;33.303;0.253;1.41
2019;ENKÖPING;LAGUNDA FÖRSAMLING;34.753;33.303;0.253;1.45
2019;ENKÖPING;SPARRSÄTRA-BREDS FÖRSAMLING;34.423;33.303;0.253;1.12
2019;ENKÖPING;TILLINGE OCH SÖDRA ÅSUNDA FÖRSAMLING;34.423;33.303;0.253;1.12
2019;ENKÖPING;VECKHOLMS FÖRSAMLING;34.423;33.303;0.253;1.12
2019;ENKÖPING;VILLBERGA FÖRSAMLING;34.423;33.303;0.253;1.12
2019;ÖSTHAMMAR;ALUNDA FÖRSAMLING;35.043;33.653;0.253;1.39
2019;ÖSTHAMMAR;DANNEMORABYGDENS FÖRSAMLING;35.013;33.653;0.253;1.36
2019;ÖSTHAMMAR;EKEBY FÖRSAMLING;35.073;33.653;0.253;1.42
2019;ÖSTHAMMAR;FRÖSÅKERS FÖRSAMLING;34.923;33.653;0.253;1.27
2019;ÖSTHAMMAR;SKÄFTHAMMAR-HÖKHUVUDS FÖRSAMLING;35.073;33.653;0.253;1.42
2019;ÖSTHAMMAR;ÖREGRUND-GRÄSÖ FÖRSAMLING;34.923;33.653;0.253;1.27
2019;VINGÅKER;VÄSTRA VINGÅKERS FÖRSAMLING;34.793;33.753;0.253;1.04
2019;VINGÅKER;ÖSTERÅKERS FÖRSAMLING;34.793;33.753;0.253;1.04
2019;GNESTA;DAGA FÖRSAMLING;34.523;33.203;0.253;1.32
2019;GNESTA;FRUSTUNA FÖRSAMLING;34.493;33.203;0.253;1.29
2019;NYKÖPING;KILADALENS FÖRSAMLING;33.763;32.503;0.253;1.26
2019;NYKÖPING;NYKÖPINGS FÖRSAMLING;33.673;32.503;0.253;1.17
2019;NYKÖPING;RÖNÖ FÖRSAMLING;33.853;32.503;0.253;1.35
2019;NYKÖPING;STIGTOMTA-VRENA FÖRSAMLING;33.823;32.503;0.253;1.32
2019;NYKÖPING;TUNABERGS FÖRSAMLING;33.883;32.503;0.253;1.38
2019;NYKÖPING;TYSTBERGABYGDENS FÖRSAMLING;34.093;32.503;0.253;1.59
2019;OXELÖSUND;OXELÖSUNDS FÖRSAMLING;34.343;33.303;0.253;1.04
2019;FLEN;BETTNA FÖRSAMLING;34.713;33.353;0.253;1.36
2019;FLEN;DUNKER-LILLA MALMA FÖRSAMLING;34.613;33.353;0.253;1.26
2019;FLEN;FLEN, HELGESTA-HYLTINGE FÖRSAMLING;34.353;33.353;0.253;1.00
2019;FLEN;MELLÖSA FÖRSAMLING;34.823;33.353;0.253;1.47
2019;KATRINEHOLM;BJÖRKVIKS FÖRSAMLING;34.703;33.203;0.253;1.50
2019;KATRINEHOLM;KATRINEHOLMSBYGDENS FÖRSAMLING;34.253;33.203;0.253;1.05
2019;ESKILSTUNA;ESKILSTUNA FÖRSAMLING;34.003;33.103;0.253;0.90
2019;ESKILSTUNA;HUSBY-REKARNE FÖRSAMLING;34.123;33.103;0.253;1.02
2019;ESKILSTUNA;HÄLLBY FÖRSAMLING MED TUMBO OCH RÅBY;34.243;33.103;0.253;1.14
2019;ESKILSTUNA;KAFJÄRDENS FÖRSAMLING;34.043;33.103;0.253;0.94
2019;ESKILSTUNA;NÄSHULTA FÖRSAMLING;34.123;33.103;0.253;1.02
2019;ESKILSTUNA;STENKVISTA-ÄRLA FÖRSAMLING;34.333;33.103;0.253;1.23
2019;ESKILSTUNA;TORSHÄLLA FÖRSAMLING;34.043;33.103;0.253;0.94
2019;ESKILSTUNA;VÄSTRA REKARNE FÖRSAMLING;34.003;33.103;0.253;0.90
2019;STRÄNGNÄS;MARIEFREDS FÖRSAMLING;33.863;32.753;0.253;1.11
2019;STRÄNGNÄS;STALLARHOLMENS FÖRSAMLING;34.153;32.753;0.253;1.40
2019;STRÄNGNÄS;STRÄNGNÄS DOMKYRKOFÖRSAMLING MED ASP;33.773;32.753;0.253;1.02
2019;STRÄNGNÄS;VÅRFRUBERGA-HÄRADS FÖRSAMLING;34.173;32.753;0.253;1.42
2019;STRÄNGNÄS;ÅKER-LÄNNA FÖRSAMLING;34.043;32.753;0.253;1.29
2019;TROSA;TROSA FÖRSAMLING;33.653;32.683;0.253;0.97
2019;ÖDESHÖG;ÖDESHÖGS FÖRSAMLING;33.703;32.553;0.253;1.15
2019;YDRE;NORRA YDRE FÖRSAMLING;34.433;32.903;0.253;1.53
2019;YDRE;SUND-SVINHULTS FÖRSAMLING;34.433;32.903;0.253;1.53
2019;YDRE;VÄSTRA RYDS FÖRSAMLING;34.433;32.903;0.253;1.53
2019;KINDA;HORNS FÖRSAMLING;33.193;31.903;0.253;1.29
2019;KINDA;HYCKLINGE FÖRSAMLING;33.193;31.903;0.253;1.29
2019;KINDA;KISA FÖRSAMLING;33.193;31.903;0.253;1.29
2019;KINDA;RIMFORSA FÖRSAMLING;33.353;31.903;0.253;1.45
2019;KINDA;TIDERSRUMS FÖRSAMLING;33.193;31.903;0.253;1.29
2019;KINDA;VÄSTRA ENEBY FÖRSAMLING;33.193;31.903;0.253;1.29
2019;BOXHOLM;BOXHOLMS FÖRSAMLING;33.923;32.773;0.253;1.15
2019;ÅTVIDABERG;ÅTVIDS FÖRSAMLING;34.183;32.903;0.253;1.28
2019;FINSPÅNG;FINSPÅNGS FÖRSAMLING;34.153;33.103;0.253;1.05
2019;VALDEMARSVIK;RINGARUMS FÖRSAMLING;34.783;33.433;0.253;1.35
2019;VALDEMARSVIK;VALDEMARSVIKS FÖRSAMLING;34.783;33.433;0.253;1.35
2019;LINKÖPING;GOTTFRIDSBERGS FÖRSAMLING;32.293;31.153;0.253;1.14
2019;LINKÖPING;KÄRNA FÖRSAMLING;32.353;31.153;0.253;1.20
2019;LINKÖPING;LANDERYDS FÖRSAMLING;32.293;31.153;0.253;1.14
2019;LINKÖPING;LINKÖPINGS BERGA FÖRSAMLING;32.293;31.153;0.253;1.14
2019;LINKÖPING;LINKÖPINGS DOMKYRKOFÖRSAMLING;32.293;31.153;0.253;1.14
2019;LINKÖPING;LINKÖPINGS JOHANNELUNDS FÖRSAMLING;32.293;31.153;0.253;1.14
2019;LINKÖPING;LINKÖPINGS RYDS FÖRSAMLING;32.293;31.153;0.253;1.14
2019;LINKÖPING;LINKÖPINGS SKÄGGETORPS FÖRSAMLING;32.293;31.153;0.253;1.14
2019;LINKÖPING;LINKÖPINGS S:T LARS FÖRSAMLING;32.293;31.153;0.253;1.14
2019;LINKÖPING;NYKIL-GAMMALKILS FÖRSAMLING;32.414;31.153;0.253;1.261
2019;LINKÖPING;SKEDA FÖRSAMLING;32.414;31.153;0.253;1.261
2019;LINKÖPING;SLAKA FÖRSAMLING;32.414;31.153;0.253;1.261
2019;LINKÖPING;ULRIKA FÖRSAMLING;32.414;31.153;0.253;1.261
2019;LINKÖPING;VIKINGSTADS FÖRSAMLING;32.253;31.153;0.253;1.10
2019;LINKÖPING;VISTS FÖRSAMLING;32.573;31.153;0.253;1.42
2019;LINKÖPING;VRETA KLOSTERS FÖRSAMLING;32.363;31.153;0.253;1.21
2019;LINKÖPING;VÅRDNÄS FÖRSAMLING;32.573;31.153;0.253;1.42
2019;LINKÖPING;ÅKERBO FÖRSAMLING;32.453;31.153;0.253;1.30
2019;NORRKÖPING;JONSBERGS FÖRSAMLING;34.203;32.703;0.253;1.50
2019;NORRKÖPING;KOLMÅRDENS FÖRSAMLING;33.673;32.703;0.253;0.97
2019;NORRKÖPING;NORRKÖPINGS BORGS FÖRSAMLING;33.673;32.703;0.253;0.97
2019;NORRKÖPING;NORRKÖPINGS S:T JOHANNES FÖRSAMLING;33.673;32.703;0.253;0.97
2019;NORRKÖPING;NORRKÖPINGS S:T OLOFS FÖRSAMLING;33.673;32.703;0.253;0.97
2019;NORRKÖPING;VÄSTRA VIKBOLANDETS FÖRSAMLING;34.153;32.703;0.253;1.45
2019;NORRKÖPING;ÖSTRA HUSBY FÖRSAMLING;34.203;32.703;0.253;1.50
2019;SÖDERKÖPING;SÖDERKÖPING S:T ANNA FÖRSAMLING;33.548;32.133;0.253;1.415
2019;SÖDERKÖPING;ÖSTRA RYDS FÖRSAMLING;33.683;32.133;0.253;1.55
2019;MOTALA;ASKA FÖRSAMLING;33.853;32.653;0.253;1.20
2019;MOTALA;BORENSBERGS FÖRSAMLING;33.853;32.653;0.253;1.20
2019;MOTALA;FORNÅSA FÖRSAMLING;33.853;32.653;0.253;1.20
2019;MOTALA;GODEGÅRDS FÖRSAMLING;33.853;32.653;0.253;1.20
2019;MOTALA;KLOCKRIKE FÖRSAMLING;33.853;32.653;0.253;1.20
2019;MOTALA;MOTALA FÖRSAMLING;33.523;32.653;0.253;0.87
2019;MOTALA;TJÄLLMO FÖRSAMLING;33.853;32.653;0.253;1.20
2019;MOTALA;VÄSTRA NY FÖRSAMLING;33.853;32.653;0.253;1.20
2019;VADSTENA;ASKA FÖRSAMLING;34.953;33.753;0.253;1.20
2019;VADSTENA;DALS FÖRSAMLING;35.033;33.753;0.253;1.28
2019;VADSTENA;VADSTENA FÖRSAMLING;35.033;33.753;0.253;1.28
2019;MJÖLBY;MJÖLBY FÖRSAMLING;34.003;32.853;0.253;1.15
2019;MJÖLBY;SKÄNNINGE FÖRSAMLING;34.003;32.853;0.253;1.15
2019;MJÖLBY;VIFOLKA FÖRSAMLING;34.003;32.853;0.253;1.15
2019;MJÖLBY;VÄDERSTADS FÖRSAMLING;34.003;32.853;0.253;1.15
2019;MJÖLBY;ÖSTRA TOLLSTADS FÖRSAMLING;34.003;32.853;0.253;1.15
2019;ANEBY;ANEBY FÖRSAMLING;35.523;34.103;0.253;1.42
2019;ANEBY;ASKERYDS FÖRSAMLING;35.523;34.103;0.253;1.42
2019;ANEBY;FRINNARYDS FÖRSAMLING;35.523;34.103;0.253;1.42
2019;ANEBY;HAURIDA-VIREDA FÖRSAMLING;35.523;34.103;0.253;1.42
2019;ANEBY;LOMMARYDS FÖRSAMLING;35.523;34.103;0.253;1.42
2019;GNOSJÖ;GNOSJÖ FÖRSAMLING;35.453;34.253;0.253;1.20
2019;GNOSJÖ;KULLTORPS FÖRSAMLING;35.753;34.253;0.253;1.50
2019;GNOSJÖ;KÄLLERYDS FÖRSAMLING;35.453;34.253;0.253;1.20
2019;GNOSJÖ;KÄVSJÖ FÖRSAMLING;35.453;34.253;0.253;1.20
2019;GNOSJÖ;ÅSENHÖGA FÖRSAMLING;35.453;34.253;0.253;1.20
2019;MULLSJÖ;MULLSJÖ-SANDHEMS FÖRSAMLING;35.488;34.353;0.253;1.135
2019;HABO;BRANDSTORPS FÖRSAMLING;35.368;34.183;0.253;1.185
2019;HABO;GUSTAV ADOLFS FÖRSAMLING;35.368;34.183;0.253;1.185
2019;HABO;HABO FÖRSAMLING;35.368;34.183;0.253;1.185
2019;GISLAVED;ANDERSTORPS FÖRSAMLING;35.183;34.003;0.253;1.18
2019;GISLAVED;BOSEBO FÖRSAMLING;35.183;34.003;0.253;1.18
2019;GISLAVED;BURSERYDS FÖRSAMLING;35.183;34.003;0.253;1.18
2019;GISLAVED;GISLAVEDS FÖRSAMLING;35.183;34.003;0.253;1.18
2019;GISLAVED;NORRA HESTRA FÖRSAMLING;35.183;34.003;0.253;1.18
2019;GISLAVED;VILLSTADS FÖRSAMLING;35.183;34.003;0.253;1.18
2019;GISLAVED;VÅTHULTS FÖRSAMLING;35.183;34.003;0.253;1.18
2019;GISLAVED;VÄSTBO SANKT SIGFRIDS FÖRSAMLING;35.183;34.003;0.253;1.18
2019;VAGGERYD;BYARUM-BONDSTORPS FÖRSAMLING;34.593;33.503;0.253;1.09
2019;VAGGERYD;SKILLINGARYDS FÖRSAMLING;34.673;33.503;0.253;1.17
2019;VAGGERYD;SVENARUMS FÖRSAMLING;34.593;33.503;0.253;1.09
2019;JÖNKÖPING;BANKERYDS FÖRSAMLING;34.983;33.653;0.253;1.33
2019;JÖNKÖPING;BARNARP-ÖDESTUGU FÖRSAMLING;34.963;33.653;0.253;1.31
2019;JÖNKÖPING;GRÄNNA FÖRSAMLING;35.083;33.653;0.253;1.43
2019;JÖNKÖPING;HAKARPS FÖRSAMLING;34.813;33.653;0.253;1.16
2019;JÖNKÖPING;HUSKVARNA FÖRSAMLING;34.813;33.653;0.253;1.16
2019;JÖNKÖPING;JÖNKÖPINGS FÖRSAMLING;34.663;33.653;0.253;1.01
2019;JÖNKÖPING;LEKERYDS FÖRSAMLING;35.153;33.653;0.253;1.50
2019;JÖNKÖPING;MÅNSARPS FÖRSAMLING;34.833;33.653;0.253;1.18
2019;JÖNKÖPING;NORRA MO FÖRSAMLING;34.818;33.653;0.253;1.165
2019;JÖNKÖPING;NORRAHAMMARS FÖRSAMLING;34.853;33.653;0.253;1.20
2019;JÖNKÖPING;ROGBERGA-ÖGGESTORPS FÖRSAMLING;35.013;33.653;0.253;1.36
2019;JÖNKÖPING;SKÄRSTAD-ÖLMSTADS FÖRSAMLING;34.933;33.653;0.253;1.28
2019;JÖNKÖPING;VISINGSÖ FÖRSAMLING;35.083;33.653;0.253;1.43
2019;NÄSSJÖ;ALMESÅKRA FÖRSAMLING;35.103;34.203;0.253;0.90
2019;NÄSSJÖ;BARKERYD-FORSERUMS FÖRSAMLING;35.103;34.203;0.253;0.90
2019;NÄSSJÖ;BRINGETOFTA FÖRSAMLING;35.103;34.203;0.253;0.90
2019;NÄSSJÖ;MALMBÄCKS FÖRSAMLING;35.103;34.203;0.253;0.90
2019;NÄSSJÖ;NORRA SANDSJÖ FÖRSAMLING;35.103;34.203;0.253;0.90
2019;NÄSSJÖ;NORRA SOLBERGA-FLISBY FÖRSAMLING;35.603;34.203;0.253;1.40
2019;NÄSSJÖ;NÄSSJÖ FÖRSAMLING;35.103;34.203;0.253;0.90
2019;VÄRNAMO;BREDARYDS FÖRSAMLING;35.033;33.533;0.253;1.50
2019;VÄRNAMO;FORSHEDABYGDENS FÖRSAMLING;35.033;33.533;0.253;1.50
2019;VÄRNAMO;GÄLLARYDS FÖRSAMLING;35.043;33.533;0.253;1.51
2019;VÄRNAMO;KULLTORPS FÖRSAMLING;35.033;33.533;0.253;1.50
2019;VÄRNAMO;NYDALA-FRYELE FÖRSAMLING;34.473;33.533;0.253;0.94
2019;VÄRNAMO;RYDAHOLMS FÖRSAMLING;34.833;33.533;0.253;1.30
2019;VÄRNAMO;TÅNNÖ FÖRSAMLING;35.043;33.533;0.253;1.51
2019;VÄRNAMO;VOXTORPS FÖRSAMLING;35.043;33.533;0.253;1.51
2019;VÄRNAMO;VÄRNAMO FÖRSAMLING;34.473;33.533;0.253;0.94
2019;SÄVSJÖ;STOCKARYDS FÖRSAMLING;35.183;33.933;0.253;1.25
2019;SÄVSJÖ;SÄVSJÖ FÖRSAMLING;35.183;33.933;0.253;1.25
2019;SÄVSJÖ;VRIGSTAD-HYLLETOFTA FÖRSAMLING;35.183;33.933;0.253;1.25
2019;VETLANDA;ALSEDA FÖRSAMLING;35.383;34.023;0.253;1.36
2019;VETLANDA;BJÖRKÖ FÖRSAMLING;35.383;34.023;0.253;1.36
2019;VETLANDA;BÄCKSEDA FÖRSAMLING;35.383;34.023;0.253;1.36
2019;VETLANDA;KORSBERGA FÖRSAMLING;35.383;34.023;0.253;1.36
2019;VETLANDA;LANNASKEDE FÖRSAMLING;35.383;34.023;0.253;1.36
2019;VETLANDA;NYE, NÄSHULTS OCH STENBERGA FÖRSAMLI;35.383;34.023;0.253;1.36
2019;VETLANDA;NÄSBY FÖRSAMLING;35.383;34.023;0.253;1.36
2019;VETLANDA;NÄVELSJÖ FÖRSAMLING;35.383;34.023;0.253;1.36
2019;VETLANDA;VETLANDA FÖRSAMLING;35.383;34.023;0.253;1.36
2019;EKSJÖ;EKSJÖ FÖRSAMLING;35.673;34.273;0.253;1.40
2019;EKSJÖ;HULT-EDSHULTS FÖRSAMLING;35.673;34.273;0.253;1.40
2019;EKSJÖ;HÄSSLEBY-KRÅKSHULTS FÖRSAMLING;35.673;34.273;0.253;1.40
2019;EKSJÖ;HÖREDA FÖRSAMLING;35.673;34.273;0.253;1.40
2019;EKSJÖ;INGATORP-BELLÖ FÖRSAMLING;35.673;34.273;0.253;1.40
2019;EKSJÖ;MELLBY FÖRSAMLING;35.673;34.273;0.253;1.40
2019;TRANÅS;ADELÖVS FÖRSAMLING;35.11;34.01;0.24;1.10
2019;TRANÅS;LINDERÅS FÖRSAMLING;35.11;34.01;0.24;1.10
2019;TRANÅS;SÄBY FÖRSAMLING;35.11;34.01;0.24;1.10
2019;UPPVIDINGE;LENHOVDA-HERRÅKRA FÖRSAMLING;35.213;33.863;0.253;1.35
2019;UPPVIDINGE;NOTTEBÄCKS FÖRSAMLING;35.213;33.863;0.253;1.35
2019;UPPVIDINGE;ÅSEDA FÖRSAMLING;35.213;33.863;0.253;1.35
2019;UPPVIDINGE;ÄLGHULTS FÖRSAMLING;35.213;33.863;0.253;1.35
2019;LESSEBO;EKEBERGA FÖRSAMLING;35.393;34.063;0.253;1.33
2019;LESSEBO;HOVMANTORPS FÖRSAMLING;35.393;34.063;0.253;1.33
2019;LESSEBO;LESSEBO FÖRSAMLING;35.393;34.063;0.253;1.33
2019;LESSEBO;LJUDERS FÖRSAMLING;35.393;34.063;0.253;1.33
2019;TINGSRYD;ALMUNDSRYDS FÖRSAMLING;34.823;33.323;0.253;1.50
2019;TINGSRYD;LINNERYDS FÖRSAMLING;34.823;33.323;0.253;1.50
2019;TINGSRYD;SÖDRA SANDSJÖ FÖRSAMLING;34.823;33.323;0.253;1.50
2019;TINGSRYD;TINGSÅS FÖRSAMLING;34.823;33.323;0.253;1.50
2019;TINGSRYD;URSHULTS FÖRSAMLING;34.823;33.323;0.253;1.50
2019;TINGSRYD;VÄCKELSÅNGS FÖRSAMLING;34.823;33.323;0.253;1.50
2019;TINGSRYD;ÄLMEBODA FÖRSAMLING;34.823;33.323;0.253;1.50
2019;ALVESTA;ALVESTA FÖRSAMLING;34.723;33.673;0.253;1.05
2019;ALVESTA;BLÄDINGE FÖRSAMLING;34.923;33.673;0.253;1.25
2019;ALVESTA;MISTELÅS FÖRSAMLING;34.893;33.673;0.253;1.22
2019;ALVESTA;MOHEDA FÖRSAMLING;34.893;33.673;0.253;1.22
2019;ALVESTA;SKATELÖVS FÖRSAMLING;34.993;33.673;0.253;1.32
2019;ALVESTA;SLÄTTHÖGS FÖRSAMLING;34.893;33.673;0.253;1.22
2019;ALVESTA;VISLANDA FÖRSAMLING;34.923;33.673;0.253;1.25
2019;ALVESTA;VÄSTRA TORSÅS FÖRSAMLING;34.993;33.673;0.253;1.32
2019;ÄLMHULT;GÖTERYDS FÖRSAMLING;34.583;33.213;0.253;1.37
2019;ÄLMHULT;HALLARYDS FÖRSAMLING;34.583;33.213;0.253;1.37
2019;ÄLMHULT;PJÄTTERYDS FÖRSAMLING;34.583;33.213;0.253;1.37
2019;ÄLMHULT;STENBROHULTS FÖRSAMLING;34.423;33.213;0.253;1.21
2019;ÄLMHULT;VIRESTAD-HÄRLUNDA FÖRSAMLING;34.593;33.213;0.253;1.38
2019;ÄLMHULT;ÄLMHULTS FÖRSAMLING;34.313;33.213;0.253;1.10
2019;MARKARYD;HINNERYDS FÖRSAMLING;35.003;33.563;0.253;1.44
2019;MARKARYD;MARKARYDS FÖRSAMLING;34.613;33.563;0.253;1.05
2019;MARKARYD;TRARYDS FÖRSAMLING;35.003;33.563;0.253;1.44
2019;VÄXJÖ;DÄDESJÖ FÖRSAMLING;33.493;32.443;0.253;1.05
2019;VÄXJÖ;GEMLA FÖRSAMLING;33.493;32.443;0.253;1.05
2019;VÄXJÖ;GÅRDSBY FÖRSAMLING;33.493;32.443;0.253;1.05
2019;VÄXJÖ;HEMMESJÖ-FURUBY FÖRSAMLING;33.493;32.443;0.253;1.05
2019;VÄXJÖ;INGELSTADS FÖRSAMLING;33.493;32.443;0.253;1.05
2019;VÄXJÖ;KALVSVIKS FÖRSAMLING;33.493;32.443;0.253;1.05
2019;VÄXJÖ;LAMMHULTS FÖRSAMLING;33.493;32.443;0.253;1.05
2019;VÄXJÖ;SJÖSÅS FÖRSAMLING;33.493;32.443;0.253;1.05
2019;VÄXJÖ;SÖRABY FÖRSAMLING;33.493;32.443;0.253;1.05
2019;VÄXJÖ;TÄVELSÅS FÖRSAMLING;33.493;32.443;0.253;1.05
2019;VÄXJÖ;VEDERSLÖVS FÖRSAMLING;33.493;32.443;0.253;1.05
2019;VÄXJÖ;VÄXJÖ STADS- OCH DOMKYRKOFÖRSAMLING;33.493;32.443;0.253;1.05
2019;VÄXJÖ;ÖJABY FÖRSAMLING;33.493;32.443;0.253;1.05
2019;LJUNGBY;AGUNNARYDS FÖRSAMLING;34.933;33.323;0.253;1.61
2019;LJUNGBY;ANGELSTADS FÖRSAMLING;34.523;33.323;0.253;1.20
2019;LJUNGBY;ANNERSTADS FÖRSAMLING;34.523;33.323;0.253;1.20
2019;LJUNGBY;BERGA FÖRSAMLING;34.733;33.323;0.253;1.41
2019;LJUNGBY;BOLMSÖ FÖRSAMLING;34.733;33.323;0.253;1.41
2019;LJUNGBY;DÖRARPS FÖRSAMLING;34.733;33.323;0.253;1.41
2019;LJUNGBY;LIDHULTS FÖRSAMLING;34.523;33.323;0.253;1.20
2019;LJUNGBY;LJUNGBY FÖRSAMLING;34.523;33.323;0.253;1.20
2019;LJUNGBY;LJUNGBY MARIA FÖRSAMLING;34.523;33.323;0.253;1.20
2019;LJUNGBY;ODENSJÖ FÖRSAMLING;34.523;33.323;0.253;1.20
2019;LJUNGBY;RYSSBY FÖRSAMLING;34.933;33.323;0.253;1.61
2019;LJUNGBY;SÖDRA LJUNGA FÖRSAMLING;34.763;33.323;0.253;1.44
2019;LJUNGBY;TANNÅKERS FÖRSAMLING;34.733;33.323;0.253;1.41
2019;LJUNGBY;TORPA FÖRSAMLING;34.523;33.323;0.253;1.20
2019;LJUNGBY;TUTARYDS FÖRSAMLING;34.933;33.323;0.253;1.61
2019;LJUNGBY;VITTARYDS FÖRSAMLING;34.733;33.323;0.253;1.41
2019;LJUNGBY;VRÅ FÖRSAMLING;34.523;33.323;0.253;1.20
2019;HÖGSBY;FAGERHULTS FÖRSAMLING;34.553;33.333;0.253;1.22
2019;HÖGSBY;FÅGELFORS FÖRSAMLING;34.553;33.333;0.253;1.22
2019;HÖGSBY;HÖGSBY FÖRSAMLING;34.553;33.333;0.253;1.22
2019;HÖGSBY;LÅNGEMÅLA FÖRSAMLING;34.553;33.333;0.253;1.22
2019;TORSÅS;GULLABO FÖRSAMLING;34.303;33.053;0.253;1.25
2019;TORSÅS;SÖDERÅKRA FÖRSAMLING;34.303;33.053;0.253;1.25
2019;TORSÅS;TORSÅS FÖRSAMLING;34.303;33.053;0.253;1.25
2019;MÖRBYLÅNGA;GLÖMMINGE-ALGUTSRUMS FÖRSAMLING;34.583;33.033;0.253;1.55
2019;MÖRBYLÅNGA;HULTERSTAD-STENÅSA FÖRSAMLING;34.583;33.033;0.253;1.55
2019;MÖRBYLÅNGA;MÖRBYLÅNGA-KASTLÖSA FÖRSAMLING;34.583;33.033;0.253;1.55
2019;MÖRBYLÅNGA;NORRA MÖCKLEBY, SANDBY OCH GÅRDBY FÖ;34.583;33.033;0.253;1.55
2019;MÖRBYLÅNGA;RESMO-VICKLEBY FÖRSAMLING;34.583;33.033;0.253;1.55
2019;MÖRBYLÅNGA;SYDÖLANDS FÖRSAMLING;34.583;33.033;0.253;1.55
2019;MÖRBYLÅNGA;TORSLUNDA FÖRSAMLING;34.583;33.033;0.253;1.55
2019;HULTSFRED;HULTSFREDS FÖRSAMLING;34.873;33.533;0.253;1.34
2019;HULTSFRED;JÄREDA FÖRSAMLING;34.873;33.533;0.253;1.34
2019;HULTSFRED;LÖNNEBERGA FÖRSAMLING;34.873;33.533;0.253;1.34
2019;HULTSFRED;MÅLILLA MED GÅRDVEDA FÖRSAMLING;34.873;33.533;0.253;1.34
2019;HULTSFRED;MÖRLUNDA-TVETA FÖRSAMLING;34.873;33.533;0.253;1.34
2019;HULTSFRED;VENA FÖRSAMLING;34.873;33.533;0.253;1.34
2019;HULTSFRED;VIRSERUMS FÖRSAMLING;34.873;33.533;0.253;1.34
2019;MÖNSTERÅS;FLISERYDS FÖRSAMLING;34.053;33.033;0.253;1.02
2019;MÖNSTERÅS;MÖNSTERÅS FÖRSAMLING;34.053;33.033;0.253;1.02
2019;MÖNSTERÅS;ÅLEMS FÖRSAMLING;34.053;33.033;0.253;1.02
2019;EMMABODA;ALGUTSBODA FÖRSAMLING;34.433;33.333;0.253;1.10
2019;EMMABODA;EMMABODA FÖRSAMLING;34.433;33.333;0.253;1.10
2019;EMMABODA;LÅNGASJÖ FÖRSAMLING;34.433;33.333;0.253;1.10
2019;EMMABODA;VISSEFJÄRDA FÖRSAMLING;34.433;33.333;0.253;1.10
2019;KALMAR;ARBY-HAGBY FÖRSAMLING;34.873;33.433;0.253;1.44
2019;KALMAR;DÖRBY FÖRSAMLING;34.603;33.433;0.253;1.17
2019;KALMAR;FÖRLÖSA-KLÄCKEBERGA FÖRSAMLING;34.303;33.433;0.253;0.87
2019;KALMAR;HALLTORPS-VOXTORPS FÖRSAMLING;34.873;33.433;0.253;1.44
2019;KALMAR;HELIGA KORSETS FÖRSAMLING;34.563;33.433;0.253;1.13
2019;KALMAR;HOSSMO FÖRSAMLING;34.603;33.433;0.253;1.17
2019;KALMAR;KALMAR DOMKYRKOFÖRSAMLING;34.563;33.433;0.253;1.13
2019;KALMAR;KALMAR S:T JOHANNES FÖRSAMLING;34.563;33.433;0.253;1.13
2019;KALMAR;KARLSLUNDA-MORTORPS FÖRSAMLING;34.873;33.433;0.253;1.44
2019;KALMAR;LJUNGBY FÖRSAMLING;34.873;33.433;0.253;1.44
2019;KALMAR;RYSSBY FÖRSAMLING;34.683;33.433;0.253;1.25
2019;KALMAR;S:TA BIRGITTA FÖRSAMLING;34.563;33.433;0.253;1.13
2019;KALMAR;TVÅ SYSTRARS FÖRSAMLING;34.563;33.433;0.253;1.13
2019;KALMAR;ÅBY FÖRSAMLING;34.683;33.433;0.253;1.25
2019;NYBRO;BÄCKEBO FÖRSAMLING;35.123;33.953;0.253;1.17
2019;NYBRO;HÄLLEBERGA FÖRSAMLING;35.123;33.953;0.253;1.17
2019;NYBRO;KRISTVALLA FÖRSAMLING;35.123;33.953;0.253;1.17
2019;NYBRO;KRÅKSMÅLA FÖRSAMLING;35.123;33.953;0.253;1.17
2019;NYBRO;MADESJÖ FÖRSAMLING;35.123;33.953;0.253;1.17
2019;NYBRO;NYBRO-S:T SIGFRIDS FÖRSAMLING;35.123;33.953;0.253;1.17
2019;NYBRO;OSKARS FÖRSAMLING;35.123;33.953;0.253;1.17
2019;NYBRO;ÖRSJÖ FÖRSAMLING;35.123;33.953;0.253;1.17
2019;OSKARSHAMN;DÖDERHULTS FÖRSAMLING;35.083;33.883;0.253;1.20
2019;OSKARSHAMN;MISTERHULTS FÖRSAMLING;35.083;33.883;0.253;1.20
2019;OSKARSHAMN;OSKARSHAMNS FÖRSAMLING;34.943;33.883;0.253;1.06
2019;VÄSTERVIK;DALHEMS FÖRSAMLING;34.283;32.783;0.253;1.50
2019;VÄSTERVIK;GAMLEBY FÖRSAMLING;34.283;32.783;0.253;1.50
2019;VÄSTERVIK;GLADHAMMAR-VÄSTRUMS FÖRSAMLING;33.983;32.783;0.253;1.20
2019;VÄSTERVIK;HALLINGEBERG-BLACKSTADS FÖRSAMLING;33.983;32.783;0.253;1.20
2019;VÄSTERVIK;HJORTEDS FÖRSAMLING;33.983;32.783;0.253;1.20
2019;VÄSTERVIK;LOFTA FÖRSAMLING;34.283;32.783;0.253;1.50
2019;VÄSTERVIK;LOFTAHAMMARS FÖRSAMLING;34.283;32.783;0.253;1.50
2019;VÄSTERVIK;ODENSVI FÖRSAMLING;34.283;32.783;0.253;1.50
2019;VÄSTERVIK;TÖRNSFALLS FÖRSAMLING;33.983;32.783;0.253;1.20
2019;VÄSTERVIK;UKNA FÖRSAMLING;34.283;32.783;0.253;1.50
2019;VÄSTERVIK;VÄSTERVIKS FÖRSAMLING;33.983;32.783;0.253;1.20
2019;VÄSTERVIK;VÄSTRA EDS FÖRSAMLING;34.283;32.783;0.253;1.50
2019;VÄSTERVIK;ÖVERUMS FÖRSAMLING;34.283;32.783;0.253;1.50
2019;VIMMERBY;FRÖDINGE FÖRSAMLING;35.303;33.983;0.253;1.32
2019;VIMMERBY;LOCKNEVI FÖRSAMLING;35.303;33.983;0.253;1.32
2019;VIMMERBY;PELARNE FÖRSAMLING;35.303;33.983;0.253;1.32
2019;VIMMERBY;RUMSKULLA FÖRSAMLING;35.303;33.983;0.253;1.32
2019;VIMMERBY;SÖDRA VI-DJURSDALA FÖRSAMLING;35.433;33.983;0.253;1.45
2019;VIMMERBY;TUNA FÖRSAMLING;35.303;33.983;0.253;1.32
2019;VIMMERBY;VIMMERBY FÖRSAMLING;35.303;33.983;0.253;1.32
2019;BORGHOLM;BORGHOLMS FÖRSAMLING;34.743;33.203;0.253;1.54
2019;BORGHOLM;FÖRA-ALBÖKE-LÖTS FÖRSAMLING;34.743;33.203;0.253;1.54
2019;BORGHOLM;GÄRDSLÖSA, LÅNGLÖTS OCH RUNSTENS FÖR;34.743;33.203;0.253;1.54
2019;BORGHOLM;KÖPINGSVIKS FÖRSAMLING;34.743;33.203;0.253;1.54
2019;BORGHOLM;NORDÖLANDS FÖRSAMLING;34.743;33.203;0.253;1.54
2019;BORGHOLM;RÄPPLINGE-HÖGSRUMS FÖRSAMLING;34.743;33.203;0.253;1.54
2019;GOTLAND;AKEBÄCKS FÖRSAMLING;35.703;33.853;0.253;1.85
2019;GOTLAND;ALVA, HEMSE OCH RONE FÖRSAMLING;35.603;33.853;0.253;1.75
2019;GOTLAND;BARLINGBO FÖRSAMLING;35.703;33.853;0.253;1.85
2019;GOTLAND;BJÖRKE FÖRSAMLING;35.703;33.853;0.253;1.85
2019;GOTLAND;BUNGE, RUTE OCH FLERINGE FÖRSAMLING;35.643;33.853;0.253;1.79
2019;GOTLAND;DALHEMS FÖRSAMLING;35.703;33.853;0.253;1.85
2019;GOTLAND;EKSTA FÖRSAMLING;35.583;33.853;0.253;1.73
2019;GOTLAND;ENDRE FÖRSAMLING;35.703;33.853;0.253;1.85
2019;GOTLAND;ESKELHEM-TOFTA FÖRSAMLING;35.253;33.853;0.253;1.40
2019;GOTLAND;FARDHEMS FÖRSAMLING;35.563;33.853;0.253;1.71
2019;GOTLAND;FOLLINGBO FÖRSAMLING;35.703;33.853;0.253;1.85
2019;GOTLAND;FORSA FÖRSAMLING;35.643;33.853;0.253;1.79
2019;GOTLAND;FRÖJELS FÖRSAMLING;35.583;33.853;0.253;1.73
2019;GOTLAND;FÅRÖ FÖRSAMLING;35.643;33.853;0.253;1.79
2019;GOTLAND;GARDE FÖRSAMLING;35.453;33.853;0.253;1.60
2019;GOTLAND;GERUMS FÖRSAMLING;35.563;33.853;0.253;1.71
2019;GOTLAND;GOTHEMS FÖRSAMLING;35.643;33.853;0.253;1.79
2019;GOTLAND;HAVDHEMS FÖRSAMLING;35.603;33.853;0.253;1.75
2019;GOTLAND;HEJDE FÖRSAMLING;35.583;33.853;0.253;1.73
2019;GOTLAND;HEJDEBY FÖRSAMLING;35.703;33.853;0.253;1.85
2019;GOTLAND;HOBURGS FÖRSAMLING;35.603;33.853;0.253;1.75
2019;GOTLAND;KLINTE FÖRSAMLING;35.583;33.853;0.253;1.73
2019;GOTLAND;LEVIDE FÖRSAMLING;35.563;33.853;0.253;1.71
2019;GOTLAND;LINDE FÖRSAMLING;35.563;33.853;0.253;1.71
2019;GOTLAND;LOJSTA FÖRSAMLING;35.563;33.853;0.253;1.71
2019;GOTLAND;NÄR-LAU FÖRSAMLING;35.413;33.853;0.253;1.56
2019;GOTLAND;OTHEM-BOGE FÖRSAMLING;35.643;33.853;0.253;1.79
2019;GOTLAND;ROMA FÖRSAMLING;35.703;33.853;0.253;1.85
2019;GOTLAND;SANDA, VÄSTERGARN OCH MÄSTERBY FÖRSA;35.583;33.853;0.253;1.73
2019;GOTLAND;SPROGE FÖRSAMLING;35.583;33.853;0.253;1.73
2019;GOTLAND;STENKUMLA FÖRSAMLING;35.283;33.853;0.253;1.43
2019;GOTLAND;STENKYRKA FÖRSAMLING;35.643;33.853;0.253;1.79
2019;GOTLAND;STÅNGA-BURS FÖRSAMLING;35.413;33.853;0.253;1.56
2019;GOTLAND;VALL, HOGRÄN OCH ATLINGBO FÖRSAMLING;35.253;33.853;0.253;1.40
2019;GOTLAND;VISBY DOMKYRKOFÖRSAMLING;35.303;33.853;0.253;1.45
2019;GOTLAND;VÄNGE FÖRSAMLING;35.703;33.853;0.253;1.85
2019;GOTLAND;VÄSKINDE FÖRSAMLING;35.643;33.853;0.253;1.79
2019;GOTLAND;VÄTE FÖRSAMLING;35.583;33.853;0.253;1.73
2019;GOTLAND;ÖSTERGARNS FÖRSAMLING;35.703;33.853;0.253;1.85
2019;OLOFSTRÖM;JÄMSHÖGS FÖRSAMLING;35.183;34.003;0.253;1.18
2019;OLOFSTRÖM;KYRKHULTS FÖRSAMLING;35.153;34.003;0.253;1.15
2019;KARLSKRONA;ASPÖ FÖRSAMLING;34.943;33.943;0.253;1.00
2019;KARLSKRONA;FRIDLEVSTADS FÖRSAMLING;35.083;33.943;0.253;1.14
2019;KARLSKRONA;JÄMJÖ FÖRSAMLING;35.023;33.943;0.253;1.08
2019;KARLSKRONA;KARLSKRONA AMIRALITETSFÖRSAMLING;34.933;33.943;0.253;0.99
2019;KARLSKRONA;KARLSKRONA STADSFÖRSAMLING;34.943;33.943;0.253;1.00
2019;KARLSKRONA;KRISTIANOPELS FÖRSAMLING;35.023;33.943;0.253;1.08
2019;KARLSKRONA;LYCKÅ FÖRSAMLING;34.883;33.943;0.253;0.94
2019;KARLSKRONA;NÄTTRABY-HASSLÖ FÖRSAMLING;34.903;33.943;0.253;0.96
2019;KARLSKRONA;RAMDALA FÖRSAMLING;35.023;33.943;0.253;1.08
2019;KARLSKRONA;RÖDEBY FÖRSAMLING;35.063;33.943;0.253;1.12
2019;KARLSKRONA;STURKÖ FÖRSAMLING;35.023;33.943;0.253;1.08
2019;KARLSKRONA;TORHAMNS FÖRSAMLING;35.023;33.943;0.253;1.08
2019;RONNEBY;BRÄKNE-HOBY FÖRSAMLING;35.323;34.203;0.253;1.12
2019;RONNEBY;RONNEBY FÖRSAMLING;35.323;34.203;0.253;1.12
2019;KARLSHAMN;ASARUMS FÖRSAMLING;35.103;34.053;0.253;1.05
2019;KARLSHAMN;HÄLLARYDS FÖRSAMLING;35.013;34.053;0.253;0.96
2019;KARLSHAMN;KARLSHAMNS FÖRSAMLING;35.013;34.053;0.253;0.96
2019;KARLSHAMN;MÖRRUM-ELLEHOLMS FÖRSAMLING;35.183;34.053;0.253;1.13
2019;KARLSHAMN;RINGAMÅLA FÖRSAMLING;35.103;34.053;0.253;1.05
2019;KARLSHAMN;ÅRYDS FÖRSAMLING;35.013;34.053;0.253;0.96
2019;SÖLVESBORG;MJÄLLBY FÖRSAMLING;35.183;34.113;0.253;1.07
2019;SÖLVESBORG;SÖLVESBORGS FÖRSAMLING;35.023;34.113;0.253;0.91
2019;SVALÖV;BILLEBERGA-SIREKÖPINGE FÖRSAMLING;33.443;32.173;0.253;1.27
2019;SVALÖV;KÅGERÖD-RÖSTÅNGA FÖRSAMLING;33.603;32.173;0.253;1.43
2019;SVALÖV;SVALÖVS FÖRSAMLING;33.443;32.173;0.253;1.27
2019;SVALÖV;TECKOMATORPS FÖRSAMLING;33.443;32.173;0.253;1.27
2019;STAFFANSTORP;S:T STAFFANS FÖRSAMLING;31.843;30.973;0.253;0.87
2019;STAFFANSTORP;UPPÅKRA FÖRSAMLING;32.163;30.973;0.253;1.19
2019;BURLÖV;BURLÖVS FÖRSAMLING;32.373;31.523;0.253;0.85
2019;VELLINGE;HÖLLVIKENS FÖRSAMLING;30.733;29.933;0.253;0.80
2019;VELLINGE;SKANÖR-FALSTERBO FÖRSAMLING;30.923;29.933;0.253;0.99
2019;VELLINGE;VELLINGE-MÅNSTORPS FÖRSAMLING;31.023;29.933;0.253;1.09
2019;ÖSTRA GÖINGE;BROBY-EMMISLÖVS FÖRSAMLING;33.653;32.423;0.253;1.23
2019;ÖSTRA GÖINGE;GLIMÅKRA FÖRSAMLING;33.643;32.423;0.253;1.22
2019;ÖSTRA GÖINGE;HJÄRSÅS FÖRSAMLING;33.643;32.423;0.253;1.22
2019;ÖSTRA GÖINGE;KNISLINGE-GRYTS FÖRSAMLING;33.573;32.423;0.253;1.15
2019;ÖSTRA GÖINGE;KVIINGE FÖRSAMLING;33.573;32.423;0.253;1.15
2019;ÖRKELLJUNGA;RYA FÖRSAMLING;31.613;30.493;0.253;1.12
2019;ÖRKELLJUNGA;SKÅNES-FAGERHULTS FÖRSAMLING;31.613;30.493;0.253;1.12
2019;ÖRKELLJUNGA;ÖRKELLJUNGA FÖRSAMLING;31.613;30.493;0.253;1.12
2019;BJUV;BJUVS FÖRSAMLING;33.423;32.423;0.253;1.00
2019;BJUV;EKEBY FÖRSAMLING;33.653;32.423;0.253;1.23
2019;KÄVLINGE;HOFTERUPS FÖRSAMLING;30.653;29.943;0.253;0.71
2019;KÄVLINGE;KÄVLINGE FÖRSAMLING;31.033;29.943;0.253;1.09
2019;KÄVLINGE;LACKALÄNGA-STÄVIE FÖRSAMLING;31.273;29.943;0.253;1.33
2019;KÄVLINGE;LÖDDEBYGDENS FÖRSAMLING;31.013;29.943;0.253;1.07
2019;KÄVLINGE;VÄSTRA KARABY OCH DAGSTORPS FÖRSAMLI;30.653;29.943;0.253;0.71
2019;LOMMA;BJÄRREDS FÖRSAMLING;32.153;31.073;0.253;1.08
2019;LOMMA;LOMMA FÖRSAMLING;31.893;31.073;0.253;0.82
2019;SVEDALA;SVEDALA FÖRSAMLING;32.553;31.673;0.253;0.88
2019;SVEDALA;VÄRBY FÖRSAMLING;32.593;31.673;0.253;0.92
2019;SKURUP;SKIVARPS FÖRSAMLING;33.133;31.853;0.253;1.28
2019;SKURUP;SKURUPS FÖRSAMLING;32.933;31.853;0.253;1.08
2019;SKURUP;VILLIE FÖRSAMLING;33.163;31.853;0.253;1.31
2019;SJÖBO;BLENTARPS FÖRSAMLING;33.533;32.353;0.253;1.18
2019;SJÖBO;LÖVESTADS FÖRSAMLING;33.513;32.353;0.253;1.16
2019;SJÖBO;SJÖBO FÖRSAMLING;33.233;32.353;0.253;0.88
2019;SJÖBO;VOLLSJÖ FÖRSAMLING;33.613;32.353;0.253;1.26
2019;HÖRBY;HÖRBY FÖRSAMLING;33.643;32.513;0.253;1.13
2019;HÖÖR;HÖÖRS FÖRSAMLING;34.443;33.313;0.253;1.13
2019;HÖÖR;RINGSJÖ FÖRSAMLING;34.493;33.313;0.253;1.18
2019;TOMELILLA;BRÖSARP-TRANÅS FÖRSAMLING;33.363;32.043;0.253;1.32
2019;TOMELILLA;SMEDSTORPS FÖRSAMLING;33.483;32.043;0.253;1.44
2019;TOMELILLA;TOMELILLABYGDENS FÖRSAMLING;33.153;32.043;0.253;1.11
2019;BROMÖLLA;IVETOFTA-GUALÖVS FÖRSAMLING;34.193;33.193;0.253;1.00
2019;BROMÖLLA;NÄSUMS FÖRSAMLING;34.193;33.193;0.253;1.00
2019;OSBY;LOSHULTS FÖRSAMLING;34.733;33.693;0.253;1.04
2019;OSBY;OSBY-VISSELTOFTA FÖRSAMLING;34.733;33.693;0.253;1.04
2019;OSBY;ÖRKENEDS FÖRSAMLING;34.733;33.693;0.253;1.04
2019;PERSTORP;PERSTORPS FÖRSAMLING;33.443;32.243;0.253;1.20
2019;KLIPPAN;KLIPPANS FÖRSAMLING;33.333;32.183;0.253;1.15
2019;KLIPPAN;RISEBERGA-FÄRINGTOFTA FÖRSAMLING;33.333;32.183;0.253;1.15
2019;KLIPPAN;ÖSTRA LJUNGBY FÖRSAMLING;33.333;32.183;0.253;1.15
2019;ÅSTORP;BJÖRNEKULLA-VÄSTRA BROBY FÖRSAMLING;32.903;31.723;0.253;1.18
2019;ÅSTORP;KVIDINGE FÖRSAMLING;33.153;31.723;0.253;1.43
2019;BÅSTAD;BÅSTAD-ÖSTRA KARUPS FÖRSAMLING;32.993;31.663;0.253;1.33
2019;BÅSTAD;FÖRSLÖV-GREVIE FÖRSAMLING;32.923;31.663;0.253;1.26
2019;BÅSTAD;TOREKOVS FÖRSAMLING;32.993;31.663;0.253;1.33
2019;BÅSTAD;VÄSTRA KARUP-HOVS FÖRSAMLING;32.993;31.663;0.253;1.33
2019;MALMÖ;FOSIE FÖRSAMLING;33.603;32.673;0.253;0.93
2019;MALMÖ;HUSIE FÖRSAMLING;33.603;32.673;0.253;0.93
2019;MALMÖ;HYLLIE FÖRSAMLING;33.603;32.673;0.253;0.93
2019;MALMÖ;LIMHAMNS FÖRSAMLING;33.603;32.673;0.253;0.93
2019;MALMÖ;MALMÖ S:T JOHANNES FÖRSAMLING;33.603;32.673;0.253;0.93
2019;MALMÖ;MALMÖ S:T PETRI FÖRSAMLING;33.603;32.673;0.253;0.93
2019;LUND;DALBY FÖRSAMLING;33.693;32.673;0.253;1.02
2019;LUND;GENARPS FÖRSAMLING;33.803;32.673;0.253;1.13
2019;LUND;HELGEANDS FÖRSAMLING;33.673;32.673;0.253;1.00
2019;LUND;LUNDS ALLHELGONAFÖRSAMLING;33.673;32.673;0.253;1.00
2019;LUND;LUNDS DOMKYRKOFÖRSAMLING;33.673;32.673;0.253;1.00
2019;LUND;LUNDS ÖSTRA STADSFÖRSAMLING;33.673;32.673;0.253;1.00
2019;LUND;NORRA NÖBBELÖVS FÖRSAMLING;33.673;32.673;0.253;1.00
2019;LUND;S:T PETERS KLOSTERS FÖRSAMLING;33.673;32.673;0.253;1.00
2019;LUND;SÖDRA SANDBY FÖRSAMLING;33.703;32.673;0.253;1.03
2019;LUND;TORNS FÖRSAMLING;33.673;32.673;0.253;1.00
2019;LUND;VEBERÖDS FÖRSAMLING;33.723;32.673;0.253;1.05
2019;LANDSKRONA;HÄLJARPS FÖRSAMLING;32.753;31.673;0.253;1.08
2019;LANDSKRONA;KVISTOFTA FÖRSAMLING;32.703;31.673;0.253;1.03
2019;LANDSKRONA;LANDSKRONA FÖRSAMLING;32.673;31.673;0.253;1.00
2019;HELSINGBORG;ALLERUMS FÖRSAMLING;32.648;31.643;0.253;1.005
2019;HELSINGBORG;FILBORNA FÖRSAMLING;32.673;31.643;0.253;1.03
2019;HELSINGBORG;FLENINGE FÖRSAMLING;32.648;31.643;0.253;1.005
2019;HELSINGBORG;HELSINGBORGS GUSTAV ADOLFS FÖRSAMLIN;32.673;31.643;0.253;1.03
2019;HELSINGBORG;HELSINGBORGS MARIA FÖRSAMLING;32.673;31.643;0.253;1.03
2019;HELSINGBORG;KROPPS FÖRSAMLING;32.993;31.643;0.253;1.35
2019;HELSINGBORG;KVISTOFTA FÖRSAMLING;32.673;31.643;0.253;1.03
2019;HELSINGBORG;LANDSKRONA FÖRSAMLING;32.643;31.643;0.253;1.00
2019;HELSINGBORG;RAUS FÖRSAMLING;32.673;31.643;0.253;1.03
2019;HELSINGBORG;VÄLINGE-KATTARPS FÖRSAMLING;32.648;31.643;0.253;1.005
2019;HÖGANÄS;BRUNNBY FÖRSAMLING;32.393;31.163;0.253;1.23
2019;HÖGANÄS;FARHULT-JONSTORPS FÖRSAMLING;32.183;31.163;0.253;1.02
2019;HÖGANÄS;HÖGANÄS FÖRSAMLING;32.073;31.163;0.253;0.91
2019;HÖGANÄS;VIKENS FÖRSAMLING;32.183;31.163;0.253;1.02
2019;HÖGANÄS;VÄSBY FÖRSAMLING;32.183;31.163;0.253;1.02
2019;ESLÖV;ESLÖVS FÖRSAMLING;32.913;31.973;0.253;0.94
2019;ESLÖV;LÖBERÖDS FÖRSAMLING;33.263;31.973;0.253;1.29
2019;ESLÖV;MARIEHOLMS FÖRSAMLING;32.913;31.973;0.253;0.94
2019;ESLÖV;RINGSJÖ FÖRSAMLING;33.153;31.973;0.253;1.18
2019;ESLÖV;ÖSTRA ONSJÖ FÖRSAMLING;32.913;31.973;0.253;0.94
2019;YSTAD;LJUNITS FÖRSAMLING;32.888;31.543;0.253;1.345
2019;YSTAD;LÖDERUPS FÖRSAMLING;32.813;31.543;0.253;1.27
2019;YSTAD;STORA KÖPINGE FÖRSAMLING;32.743;31.543;0.253;1.20
2019;YSTAD;SÖVESTADSBYGDENS FÖRSAMLING;32.593;31.543;0.253;1.05
2019;YSTAD;YSTADS FÖRSAMLING;32.593;31.543;0.253;1.05
2019;TRELLEBORG;ANDERSLÖVS FÖRSAMLING;33.213;32.033;0.253;1.18
2019;TRELLEBORG;DALKÖPINGE FÖRSAMLING;33.043;32.033;0.253;1.01
2019;TRELLEBORG;HAMMARLÖVS FÖRSAMLING;33.153;32.033;0.253;1.12
2019;TRELLEBORG;KÄLLSTORPS FÖRSAMLING;33.153;32.033;0.253;1.12
2019;TRELLEBORG;TRELLEBORGS FÖRSAMLING;32.743;32.033;0.253;0.71
2019;KRISTIANSTAD;ARASLÖVS FÖRSAMLING;34.023;32.893;0.253;1.13
2019;KRISTIANSTAD;BÄCKASKOGS FÖRSAMLING;34.303;32.893;0.253;1.41
2019;KRISTIANSTAD;DEGEBERGA-EVERÖDS FÖRSAMLING;34.193;32.893;0.253;1.30
2019;KRISTIANSTAD;FJÄLKINGE-NYMÖ FÖRSAMLING;34.303;32.893;0.253;1.41
2019;KRISTIANSTAD;GUSTAV ADOLF-RINKABY FÖRSAMLING;34.303;32.893;0.253;1.41
2019;KRISTIANSTAD;KRISTIANSTADS HELIGA TREFALDIGHETS F;33.813;32.893;0.253;0.92
2019;KRISTIANSTAD;KÖPINGE FÖRSAMLING;34.073;32.893;0.253;1.18
2019;KRISTIANSTAD;LINDERÖDS FÖRSAMLING;34.123;32.893;0.253;1.23
2019;KRISTIANSTAD;NORRA ÅSUMS FÖRSAMLING;33.813;32.893;0.253;0.92
2019;KRISTIANSTAD;NOSABY FÖRSAMLING;33.963;32.893;0.253;1.07
2019;KRISTIANSTAD;OPPMANNA-VÅNGA FÖRSAMLING;34.223;32.893;0.253;1.33
2019;KRISTIANSTAD;TRÄNE-DJURRÖDS FÖRSAMLING;34.073;32.893;0.253;1.18
2019;KRISTIANSTAD;VÄ-SKEPPARSLÖVS FÖRSAMLING;34.073;32.893;0.253;1.18
2019;KRISTIANSTAD;VÄSTRA OCH ÖSTRA VRAMS FÖRSAMLING;34.123;32.893;0.253;1.23
2019;KRISTIANSTAD;ÅHUS FÖRSAMLING;33.763;32.893;0.253;0.87
2019;KRISTIANSTAD;ÄSPHULTS FÖRSAMLING;34.123;32.893;0.253;1.23
2019;SIMRISHAMN;GÄRSNÄS FÖRSAMLING;33.227;31.943;0.253;1.284
2019;SIMRISHAMN;KIVIKS FÖRSAMLING;33.373;31.943;0.253;1.43
2019;SIMRISHAMN;RÖRUMS FÖRSAMLING;33.243;31.943;0.253;1.30
2019;SIMRISHAMN;SIMRISHAMNS FÖRSAMLING;33.243;31.943;0.253;1.30
2019;SIMRISHAMN;S:T OLOFS FÖRSAMLING;33.243;31.943;0.253;1.30
2019;ÄNGELHOLM;BARKÅKRA FÖRSAMLING;32.933;31.923;0.253;1.01
2019;ÄNGELHOLM;HJÄRNARP-TÅSTARPS FÖRSAMLING;33.313;31.923;0.253;1.39
2019;ÄNGELHOLM;MUNKA LJUNGBY FÖRSAMLING;33.203;31.923;0.253;1.28
2019;ÄNGELHOLM;STRÖVELSTORPS FÖRSAMLING;33.293;31.923;0.253;1.37
2019;ÄNGELHOLM;ÄNGELHOLMS FÖRSAMLING;32.963;31.923;0.253;1.04
2019;HÄSSLEHOLM;FARSTORPS FÖRSAMLING;33.543;32.393;0.253;1.15
2019;HÄSSLEHOLM;HÄSSLEHOLMS FÖRSAMLING;33.403;32.393;0.253;1.01
2019;HÄSSLEHOLM;NORRA ÅKARPS FÖRSAMLING;33.543;32.393;0.253;1.15
2019;HÄSSLEHOLM;RÖKE FÖRSAMLING;33.673;32.393;0.253;1.28
2019;HÄSSLEHOLM;SÖSDALA FÖRSAMLING;33.713;32.393;0.253;1.32
2019;HÄSSLEHOLM;TYRINGE FÖRSAMLING;33.673;32.393;0.253;1.28
2019;HÄSSLEHOLM;VANKIVA FÖRSAMLING;33.543;32.393;0.253;1.15
2019;HÄSSLEHOLM;VERUMS FÖRSAMLING;33.543;32.393;0.253;1.15
2019;HÄSSLEHOLM;VINSLÖVS FÖRSAMLING;33.673;32.393;0.253;1.28
2019;HÄSSLEHOLM;VITTSJÖ FÖRSAMLING;33.543;32.393;0.253;1.15
2019;HÄSSLEHOLM;VÄSTRA TORUPS FÖRSAMLING;33.673;32.393;0.253;1.28
2019;HYLTE;FEMSJÖ FÖRSAMLING;34.023;32.523;0.253;1.50
2019;HYLTE;FÄRGARYDS FÖRSAMLING;34.023;32.523;0.253;1.50
2019;HYLTE;LÅNGARYDS FÖRSAMLING;34.023;32.523;0.253;1.50
2019;HYLTE;TORUPS FÖRSAMLING;33.823;32.523;0.253;1.30
2019;HYLTE;UNNARYDS FÖRSAMLING;34.023;32.523;0.253;1.50
2019;HALMSTAD;ENSLÖVS FÖRSAMLING;33.353;32.053;0.253;1.30
2019;HALMSTAD;GETINGE-RÄVINGE FÖRSAMLING;33.353;32.053;0.253;1.30
2019;HALMSTAD;HALMSTADS FÖRSAMLING;33.153;32.053;0.253;1.10
2019;HALMSTAD;HARPLINGE FÖRSAMLING;33.153;32.053;0.253;1.10
2019;HALMSTAD;OSKARSTRÖMS FÖRSAMLING;33.353;32.053;0.253;1.30
2019;HALMSTAD;SLÄTTÅKRA-KVIBILLE FÖRSAMLING;33.353;32.053;0.253;1.30
2019;HALMSTAD;SNÖSTORPS FÖRSAMLING;33.233;32.053;0.253;1.18
2019;HALMSTAD;STENINGE FÖRSAMLING;33.153;32.053;0.253;1.10
2019;HALMSTAD;SÖNDRUM-VAPNÖ FÖRSAMLING;32.893;32.053;0.253;0.84
2019;LAHOLM;HASSLÖV-VÅXTORPS FÖRSAMLING;32.853;31.653;0.253;1.20
2019;LAHOLM;HISHULTS FÖRSAMLING;32.853;31.653;0.253;1.20
2019;LAHOLM;KNÄREDS FÖRSAMLING;32.853;31.653;0.253;1.20
2019;LAHOLM;LAHOLMS FÖRSAMLING;32.773;31.653;0.253;1.12
2019;LAHOLM;RÄNNESLÖV-YSBY FÖRSAMLING;32.853;31.653;0.253;1.20
2019;LAHOLM;SKUMMESLÖVS FÖRSAMLING;32.773;31.653;0.253;1.12
2019;LAHOLM;VEINGE-TJÄRBY FÖRSAMLING;32.853;31.653;0.253;1.20
2019;FALKENBERG;FAGEREDS FÖRSAMLING;33.473;32.173;0.253;1.30
2019;FALKENBERG;FALKENBERGS FÖRSAMLING;33.473;32.173;0.253;1.30
2019;FALKENBERG;GUNNARPS FÖRSAMLING;33.473;32.173;0.253;1.30
2019;FALKENBERG;GÄLLAREDS FÖRSAMLING;33.473;32.173;0.253;1.30
2019;FALKENBERG;KROGSEREDS FÖRSAMLING;33.473;32.173;0.253;1.30
2019;FALKENBERG;KÄLLSJÖ FÖRSAMLING;33.473;32.173;0.253;1.30
2019;FALKENBERG;MORUPS FÖRSAMLING;33.473;32.173;0.253;1.30
2019;FALKENBERG;OKOME FÖRSAMLING;33.473;32.173;0.253;1.30
2019;FALKENBERG;SKREA FÖRSAMLING;33.473;32.173;0.253;1.30
2019;FALKENBERG;STAFSINGE FÖRSAMLING;33.473;32.173;0.253;1.30
2019;FALKENBERG;SUSEDALENS FÖRSAMLING;33.473;32.173;0.253;1.30
2019;FALKENBERG;ULLAREDS FÖRSAMLING;33.473;32.173;0.253;1.30
2019;FALKENBERG;VESSIGE FÖRSAMLING;33.473;32.173;0.253;1.30
2019;FALKENBERG;VINBERG-LJUNGBY FÖRSAMLING;33.473;32.173;0.253;1.30
2019;FALKENBERG;ÄLVSEREDS FÖRSAMLING;33.473;32.173;0.253;1.30
2019;VARBERG;HIMLEDALENS FÖRSAMLING;32.813;31.403;0.253;1.41
2019;VARBERG;LINDBERGA FÖRSAMLING;32.693;31.403;0.253;1.29
2019;VARBERG;SIBBARP-DAGSÅS FÖRSAMLING;32.813;31.403;0.253;1.41
2019;VARBERG;SPANNARPS FÖRSAMLING;32.813;31.403;0.253;1.41
2019;VARBERG;TRÄSLÖVS FÖRSAMLING;32.423;31.403;0.253;1.02
2019;VARBERG;TVÅÅKERS FÖRSAMLING;32.813;31.403;0.253;1.41
2019;VARBERG;VARBERGS FÖRSAMLING;32.293;31.403;0.253;0.89
2019;VARBERG;VEDDIGE-KUNGSÄTERS FÖRSAMLING;32.723;31.403;0.253;1.32
2019;VARBERG;VÄRÖ-STRÅVALLA FÖRSAMLING;32.593;31.403;0.253;1.19
2019;KUNGSBACKA;FJÄRÅS-FÖRLANDA FÖRSAMLING;33.593;32.403;0.253;1.19
2019;KUNGSBACKA;FRILLESÅS FÖRSAMLING;33.743;32.403;0.253;1.34
2019;KUNGSBACKA;GÄLLINGE FÖRSAMLING;33.743;32.403;0.253;1.34
2019;KUNGSBACKA;IDALA FÖRSAMLING;33.743;32.403;0.253;1.34
2019;KUNGSBACKA;KULLAVIKS FÖRSAMLING;33.443;32.403;0.253;1.04
2019;KUNGSBACKA;KUNGSBACKA-HANHALS FÖRSAMLING;33.493;32.403;0.253;1.09
2019;KUNGSBACKA;LANDA FÖRSAMLING;33.743;32.403;0.253;1.34
2019;KUNGSBACKA;ONSALA FÖRSAMLING;33.393;32.403;0.253;0.99
2019;KUNGSBACKA;SLÄPS FÖRSAMLING;33.443;32.403;0.253;1.04
2019;KUNGSBACKA;TÖLÖ FÖRSAMLING;33.543;32.403;0.253;1.14
2019;KUNGSBACKA;VALLDA FÖRSAMLING;33.443;32.403;0.253;1.04
2019;KUNGSBACKA;ÄLVSÅKERS FÖRSAMLING;33.543;32.403;0.253;1.14
2019;KUNGSBACKA;ÖLMEVALLA FÖRSAMLING;33.743;32.403;0.253;1.34
2019;HÄRRYDA;BJÖRKETORPS FÖRSAMLING;33.483;32.353;0.253;1.13
2019;HÄRRYDA;HÄRRYDA FÖRSAMLING;33.343;32.353;0.253;0.99
2019;HÄRRYDA;LANDVETTERS FÖRSAMLING;33.343;32.353;0.253;0.99
2019;HÄRRYDA;RÅDA FÖRSAMLING;33.293;32.353;0.253;0.94
2019;PARTILLE;FURULUNDS FÖRSAMLING;32.743;31.693;0.253;1.05
2019;PARTILLE;PARTILLE FÖRSAMLING;32.743;31.693;0.253;1.05
2019;PARTILLE;SÄVEDALENS FÖRSAMLING;32.743;31.693;0.253;1.05
2019;ÖCKERÖ;ÖCKERÖ FÖRSAMLING;34.053;32.943;0.253;1.11
2019;STENUNGSUND;JÖRLANDA FÖRSAMLING;34.533;33.373;0.253;1.16
2019;STENUNGSUND;NORUMS FÖRSAMLING;34.583;33.373;0.253;1.21
2019;STENUNGSUND;SPEKERÖD-UCKLUMS FÖRSAMLING;34.593;33.373;0.253;1.22
2019;STENUNGSUND;ÖDSMÅLS FÖRSAMLING;34.583;33.373;0.253;1.21
2019;TJÖRN;KLÖVEDALS FÖRSAMLING;34.713;33.443;0.253;1.27
2019;TJÖRN;RÖNNÄNGS FÖRSAMLING;34.713;33.443;0.253;1.27
2019;TJÖRN;STENKYRKA FÖRSAMLING;34.713;33.443;0.253;1.27
2019;TJÖRN;VALLA FÖRSAMLING;34.713;33.443;0.253;1.27
2019;ORUST;LÅNGELANDA FÖRSAMLING;36.393;35.093;0.253;1.30
2019;ORUST;MORLANDA FÖRSAMLING;36.393;35.093;0.253;1.30
2019;ORUST;MYCKLEBY FÖRSAMLING;36.393;35.093;0.253;1.30
2019;ORUST;RÖRA FÖRSAMLING;36.393;35.093;0.253;1.30
2019;ORUST;STALA FÖRSAMLING;36.393;35.093;0.253;1.30
2019;ORUST;TEGNEBY FÖRSAMLING;36.393;35.093;0.253;1.30
2019;ORUST;TORPS FÖRSAMLING;36.393;35.093;0.253;1.30
2019;SOTENÄS;HUNNEBOSTRANDS FÖRSAMLING;35.003;33.723;0.253;1.28
2019;SOTENÄS;SÖDRA SOTENÄS FÖRSAMLING;35.003;33.723;0.253;1.28
2019;SOTENÄS;TOSSENE FÖRSAMLING;35.003;33.723;0.253;1.28
2019;MUNKEDAL;FOSS FÖRSAMLING;36.623;35.363;0.253;1.26
2019;MUNKEDAL;SVARTEBORG-BÄRFENDALS FÖRSAMLING;36.623;35.363;0.253;1.26
2019;MUNKEDAL;SÖRBYGDENS FÖRSAMLING;36.623;35.363;0.253;1.26
2019;TANUM;BOTTNA FÖRSAMLING;34.733;33.293;0.253;1.44
2019;TANUM;FJÄLLBACKA FÖRSAMLING;34.733;33.293;0.253;1.44
2019;TANUM;KVILLE FÖRSAMLING;34.733;33.293;0.253;1.44
2019;TANUM;LURS FÖRSAMLING;34.733;33.293;0.253;1.44
2019;TANUM;NAVERSTAD-MO FÖRSAMLING;34.733;33.293;0.253;1.44
2019;TANUM;SVENNEBY FÖRSAMLING;34.733;33.293;0.253;1.44
2019;TANUM;TANUMS FÖRSAMLING;34.733;33.293;0.253;1.44
2019;DALS-ED;DALS-EDS FÖRSAMLING;36.568;34.943;0.253;1.625
2019;FÄRGELANDA;FÄRGELANDA FÖRSAMLING;35.098;33.993;0.253;1.105
2019;FÄRGELANDA;HÖGSÄTERS FÖRSAMLING;35.318;33.993;0.253;1.325
2019;FÄRGELANDA;JÄRBO-RÅGGÄRDS FÖRSAMLING;35.318;33.993;0.253;1.325
2019;FÄRGELANDA;RÄNNELANDA-LERDALS FÖRSAMLING;35.318;33.993;0.253;1.325
2019;ALE;NÖDINGE FÖRSAMLING;34.443;33.603;0.253;0.84
2019;ALE;SKEPPLANDA-HÅLANDA FÖRSAMLING;34.713;33.603;0.253;1.11
2019;ALE;STARRKÄRR-KILANDA FÖRSAMLING;34.733;33.603;0.253;1.13
2019;LERUM;LERUMS FÖRSAMLING;33.393;32.383;0.253;1.01
2019;LERUM;SKALLSJÖ FÖRSAMLING;33.343;32.383;0.253;0.96
2019;LERUM;STORA LUNDBY FÖRSAMLING;33.493;32.383;0.253;1.11
2019;LERUM;ÖSTADS FÖRSAMLING;33.493;32.383;0.253;1.11
2019;VÅRGÅRDA;ALGUTSTORPS FÖRSAMLING;34.158;32.943;0.253;1.215
2019;VÅRGÅRDA;ASKLANDA FÖRSAMLING;34.158;32.943;0.253;1.215
2019;VÅRGÅRDA;HOLS FÖRSAMLING;34.158;32.943;0.253;1.215
2019;VÅRGÅRDA;LENA FÖRSAMLING;34.158;32.943;0.253;1.215
2019;VÅRGÅRDA;NÅRUNGA FÖRSAMLING;34.158;32.943;0.253;1.215
2019;BOLLEBYGD;BOLLEBYGDS FÖRSAMLING;34.523;33.323;0.253;1.20
2019;BOLLEBYGD;TÖLLSJÖ FÖRSAMLING;34.523;33.323;0.253;1.20
2019;GRÄSTORP;FLO FÖRSAMLING;34.458;33.303;0.253;1.155
2019;GRÄSTORP;FRIDHEMS FÖRSAMLING;34.458;33.303;0.253;1.155
2019;GRÄSTORP;SÄRESTADS FÖRSAMLING;34.458;33.303;0.253;1.155
2019;GRÄSTORP;TENGENE FÖRSAMLING;34.458;33.303;0.253;1.155
2019;GRÄSTORP;TRÖKÖRNA FÖRSAMLING;34.458;33.303;0.253;1.155
2019;ESSUNGA;ESSUNGA FÖRSAMLING;34.918;33.303;0.253;1.615
2019;ESSUNGA;FRIDHEMS FÖRSAMLING;34.458;33.303;0.253;1.155
2019;ESSUNGA;FRÄMMESTAD-BÄREBERGS FÖRSAMLING;34.918;33.303;0.253;1.615
2019;KARLSBORG;BREVIKS FÖRSAMLING;34.368;33.053;0.253;1.315
2019;KARLSBORG;KARLSBORGS FÖRSAMLING;34.368;33.053;0.253;1.315
2019;KARLSBORG;MÖLLTORPS FÖRSAMLING;34.368;33.053;0.253;1.315
2019;KARLSBORG;UNDENÄS FÖRSAMLING;34.368;33.053;0.253;1.315
2019;GULLSPÅNG;AMNEHÄRADS FÖRSAMLING;35.558;34.223;0.253;1.335
2019;GULLSPÅNG;HOVA-ÄLGARÅS FÖRSAMLING;35.498;34.223;0.253;1.275
2019;TRANEMO;DALSTORPS FÖRSAMLING;34.703;33.233;0.253;1.47
2019;TRANEMO;LÄNGHEMS FÖRSAMLING;34.703;33.233;0.253;1.47
2019;TRANEMO;TRANEMO FÖRSAMLING;34.703;33.233;0.253;1.47
2019;BENGTSFORS;BÄCKE-ÖDSKÖLTS FÖRSAMLING;36.108;34.653;0.253;1.455
2019;BENGTSFORS;LAXARBY-VÅRVIKS FÖRSAMLING;36.178;34.653;0.253;1.525
2019;BENGTSFORS;STENEBY-TISSELSKOGS FÖRSAMLING;36.108;34.653;0.253;1.455
2019;BENGTSFORS;TORRSKOGS FÖRSAMLING;36.178;34.653;0.253;1.525
2019;BENGTSFORS;ÄRTEMARKS FÖRSAMLING;36.178;34.653;0.253;1.525
2019;MELLERUD;BOLSTADS FÖRSAMLING;35.833;34.333;0.253;1.50
2019;MELLERUD;HOLMS FÖRSAMLING;35.833;34.333;0.253;1.50
2019;MELLERUD;SKÅLLERUDS FÖRSAMLING;35.833;34.333;0.253;1.50
2019;MELLERUD;ÖRS FÖRSAMLING;35.833;34.333;0.253;1.50
2019;LILLA EDET;FUXERNA-ÅSBRÄCKA FÖRSAMLING;35.163;34.103;0.253;1.06
2019;LILLA EDET;HJÄRTUMS FÖRSAMLING;35.163;34.103;0.253;1.06
2019;LILLA EDET;LÖDÖSE FÖRSAMLING;35.213;34.103;0.253;1.11
2019;LILLA EDET;VÄSTERLANDA FÖRSAMLING;35.163;34.103;0.253;1.06
2019;MARK;FRITSLA-SKEPHULTS FÖRSAMLING;34.033;32.943;0.253;1.09
2019;MARK;HORREDS FÖRSAMLING;34.353;32.943;0.253;1.41
2019;MARK;HYSSNA FÖRSAMLING;34.253;32.943;0.253;1.31
2019;MARK;ISTORPS FÖRSAMLING;34.353;32.943;0.253;1.41
2019;MARK;KINNA FÖRSAMLING;34.033;32.943;0.253;1.09
2019;MARK;SÄTILA FÖRSAMLING;34.253;32.943;0.253;1.31
2019;MARK;TORESTORPS FÖRSAMLING;34.473;32.943;0.253;1.53
2019;MARK;VÄSTRA MARKS FÖRSAMLING;34.283;32.943;0.253;1.34
2019;MARK;ÄLEKULLA FÖRSAMLING;34.473;32.943;0.253;1.53
2019;MARK;ÖRBY-SKENE FÖRSAMLING;33.953;32.943;0.253;1.01
2019;MARK;ÖXABÄCKS FÖRSAMLING;34.473;32.943;0.253;1.53
2019;MARK;ÖXNEVALLA FÖRSAMLING;34.353;32.943;0.253;1.41
2019;SVENLJUNGA;KINDAHOLMS FÖRSAMLING;35.553;34.083;0.253;1.47
2019;SVENLJUNGA;MJÖBÄCK-HOLSLJUNGA FÖRSAMLING;35.553;34.083;0.253;1.47
2019;SVENLJUNGA;SEXDREGA FÖRSAMLING;35.553;34.083;0.253;1.47
2019;SVENLJUNGA;SVENLJUNGABYGDENS FÖRSAMLING;35.553;34.083;0.253;1.47
2019;HERRLJUNGA;HERRLJUNGA FÖRSAMLING;35.046;33.673;0.253;1.373
2019;HERRLJUNGA;HERRLJUNGA LANDSBYGDSFÖRSAMLING;35.046;33.673;0.253;1.373
2019;HERRLJUNGA;HOVS FÖRSAMLING;35.046;33.673;0.253;1.373
2019;HERRLJUNGA;HUDENE FÖRSAMLING;35.046;33.673;0.253;1.373
2019;HERRLJUNGA;ÖSTRA GÄSENE FÖRSAMLING;35.046;33.673;0.253;1.373
2019;VARA;VARABYGDENS FÖRSAMLING;35.008;33.503;0.253;1.505
2019;GÖTENE;GÖTENE FÖRSAMLING;35.118;33.853;0.253;1.265
2019;GÖTENE;HUSABY FÖRSAMLING;35.118;33.853;0.253;1.265
2019;GÖTENE;KINNEKULLE FÖRSAMLING;35.118;33.853;0.253;1.265
2019;GÖTENE;KÄLLBY FÖRSAMLING;35.118;33.853;0.253;1.265
2019;TIBRO;RANSBERGS FÖRSAMLING;33.968;32.943;0.253;1.025
2019;TIBRO;TIBRO FÖRSAMLING;33.968;32.943;0.253;1.025
2019;TÖREBODA;FREDSBERG-BÄCKS FÖRSAMLING;34.228;32.953;0.253;1.275
2019;TÖREBODA;FÄGRE FÖRSAMLING;34.228;32.953;0.253;1.275
2019;TÖREBODA;HOVA-ÄLGARÅS FÖRSAMLING;34.228;32.953;0.253;1.275
2019;TÖREBODA;TÖREBODA FÖRSAMLING;34.228;32.953;0.253;1.275
2019;GÖTEBORG;ANGEREDS FÖRSAMLING;33.703;32.853;0.253;0.85
2019;GÖTEBORG;ASKIMS FÖRSAMLING;33.703;32.853;0.253;0.85
2019;GÖTEBORG;BACKA FÖRSAMLING;33.703;32.853;0.253;0.85
2019;GÖTEBORG;BERGSJÖNS FÖRSAMLING;33.703;32.853;0.253;0.85
2019;GÖTEBORG;BJÖRKEKÄRRS FÖRSAMLING;33.703;32.853;0.253;0.85
2019;GÖTEBORG;DOMKYRKOFÖRSAMLINGEN I GÖTEBORG;33.703;32.853;0.253;0.85
2019;GÖTEBORG;GÖTEBORGS ANNEDALS FÖRSAMLING;33.703;32.853;0.253;0.85
2019;GÖTEBORG;GÖTEBORGS CARL JOHANS FÖRSAMLING;33.703;32.853;0.253;0.85
2019;GÖTEBORG;GÖTEBORGS HAGA FÖRSAMLING;33.703;32.853;0.253;0.85
2019;GÖTEBORG;GÖTEBORGS JOHANNEBERGS FÖRSAMLING;33.703;32.853;0.253;0.85
2019;GÖTEBORG;GÖTEBORGS MASTHUGGS FÖRSAMLING;33.703;32.853;0.253;0.85
2019;GÖTEBORG;GÖTEBORGS OSCAR FREDRIKS FÖRSAMLING;33.703;32.853;0.253;0.85
2019;GÖTEBORG;GÖTEBORGS S:T PAULI FÖRSAMLING;33.703;32.853;0.253;0.85
2019;GÖTEBORG;GÖTEBORGS VASA FÖRSAMLING;33.703;32.853;0.253;0.85
2019;GÖTEBORG;HÄRLANDA FÖRSAMLING;33.703;32.853;0.253;0.85
2019;GÖTEBORG;HÖGSBO FÖRSAMLING;33.703;32.853;0.253;0.85
2019;GÖTEBORG;KORTEDALA FÖRSAMLING;33.703;32.853;0.253;0.85
2019;GÖTEBORG;LUNDBY FÖRSAMLING;33.703;32.853;0.253;0.85
2019;GÖTEBORG;NYLÖSE FÖRSAMLING;33.703;32.853;0.253;0.85
2019;GÖTEBORG;NÄSETS FÖRSAMLING;33.703;32.853;0.253;0.85
2019;GÖTEBORG;STYRSÖ FÖRSAMLING;33.703;32.853;0.253;0.85
2019;GÖTEBORG;TORSLANDA-BJÖRLANDA FÖRSAMLING;33.703;32.853;0.253;0.85
2019;GÖTEBORG;TUVE-SÄVE FÖRSAMLING;33.703;32.853;0.253;0.85
2019;GÖTEBORG;TYNNEREDS FÖRSAMLING;33.703;32.853;0.253;0.85
2019;GÖTEBORG;TYSKA CHRISTINAE FÖRSAMLING;33.703;32.853;0.253;0.85
2019;GÖTEBORG;VÄSTRA FRÖLUNDA FÖRSAMLING;33.703;32.853;0.253;0.85
2019;GÖTEBORG;ÄLVSBORGS FÖRSAMLING;33.703;32.853;0.253;0.85
2019;GÖTEBORG;ÖRGRYTE FÖRSAMLING;33.703;32.853;0.253;0.85
2019;MÖLNDAL;FÄSSBERGS FÖRSAMLING;32.793;31.993;0.253;0.80
2019;MÖLNDAL;KÅLLEREDS FÖRSAMLING;32.793;31.993;0.253;0.80
2019;MÖLNDAL;LINDOME FÖRSAMLING;32.673;31.993;0.253;0.68
2019;MÖLNDAL;STENSJÖNS FÖRSAMLING;32.793;31.993;0.253;0.80
2019;KUNGÄLV;HARESTADS FÖRSAMLING;34.293;33.173;0.253;1.12
2019;KUNGÄLV;HÅLTA FÖRSAMLING;34.333;33.173;0.253;1.16
2019;KUNGÄLV;KAREBY FÖRSAMLING;34.133;33.173;0.253;0.96
2019;KUNGÄLV;KUNGÄLV-YTTERBY FÖRSAMLING;34.113;33.173;0.253;0.94
2019;KUNGÄLV;LYCKE FÖRSAMLING;34.293;33.173;0.253;1.12
2019;KUNGÄLV;MARSTRANDS FÖRSAMLING;34.293;33.173;0.253;1.12
2019;KUNGÄLV;ROMELANDA FÖRSAMLING;34.133;33.173;0.253;0.96
2019;KUNGÄLV;SOLBERGA FÖRSAMLING;34.333;33.173;0.253;1.16
2019;KUNGÄLV;TORSBY FÖRSAMLING;34.293;33.173;0.253;1.12
2019;LYSEKIL;BRASTADS FÖRSAMLING;35.483;34.193;0.253;1.29
2019;LYSEKIL;BRO FÖRSAMLING;35.483;34.193;0.253;1.29
2019;LYSEKIL;LYSE FÖRSAMLING;35.483;34.193;0.253;1.29
2019;LYSEKIL;LYSEKILS FÖRSAMLING;35.483;34.193;0.253;1.29
2019;LYSEKIL;SKAFTÖ FÖRSAMLING;35.483;34.193;0.253;1.29
2019;UDDEVALLA;BOKENÄSETS FÖRSAMLING;35.213;33.893;0.253;1.32
2019;UDDEVALLA;BÄVE FÖRSAMLING;35.103;33.893;0.253;1.21
2019;UDDEVALLA;DALABERGS FÖRSAMLING;35.103;33.893;0.253;1.21
2019;UDDEVALLA;HERRESTADS FÖRSAMLING;35.103;33.893;0.253;1.21
2019;UDDEVALLA;LANE-RYRS FÖRSAMLING;35.103;33.893;0.253;1.21
2019;UDDEVALLA;LJUNGSKILE FÖRSAMLING;34.923;33.893;0.253;1.03
2019;UDDEVALLA;UDDEVALLA FÖRSAMLING;35.103;33.893;0.253;1.21
2019;STRÖMSTAD;IDEFJORDENS FÖRSAMLING;34.863;33.643;0.253;1.22
2019;STRÖMSTAD;SKEE-TJÄRNÖ FÖRSAMLING;34.863;33.643;0.253;1.22
2019;STRÖMSTAD;STRÖMSTADS FÖRSAMLING;34.863;33.643;0.253;1.22
2019;VÄNERSBORG;BRÅLANDA FÖRSAMLING;35.338;33.943;0.253;1.395
2019;VÄNERSBORG;FRÄNDEFORS FÖRSAMLING;35.048;33.943;0.253;1.105
2019;VÄNERSBORG;GESTADS FÖRSAMLING;35.338;33.943;0.253;1.395
2019;VÄNERSBORG;SUNDALS-RYRS FÖRSAMLING;35.338;33.943;0.253;1.395
2019;VÄNERSBORG;VÄNERSBORG OCH VÄNE-RYRS FÖRSAMLING;34.998;33.943;0.253;1.055
2019;VÄNERSBORG;VÄNERSNÄS FÖRSAMLING;35.168;33.943;0.253;1.225
2019;VÄNERSBORG;VÄSTRA TUNHEMS FÖRSAMLING;35.168;33.943;0.253;1.225
2019;TROLLHÄTTAN;BJÄRKE FÖRSAMLING;34.858;33.293;0.253;1.565
2019;TROLLHÄTTAN;FORS-ROMMELE FÖRSAMLING;34.418;33.293;0.253;1.125
2019;TROLLHÄTTAN;GÄRDHEMS FÖRSAMLING;34.518;33.293;0.253;1.225
2019;TROLLHÄTTAN;GÖTALUNDENS FÖRSAMLING;34.328;33.293;0.253;1.035
2019;TROLLHÄTTAN;LEXTORPS FÖRSAMLING;34.328;33.293;0.253;1.035
2019;TROLLHÄTTAN;TROLLHÄTTANS FÖRSAMLING;34.328;33.293;0.253;1.035
2019;TROLLHÄTTAN;UPPHÄRADS FÖRSAMLING;34.418;33.293;0.253;1.125
2019;TROLLHÄTTAN;ÅSAKA-BJÖRKE FÖRSAMLING;34.518;33.293;0.253;1.225
2019;ALINGSÅS;ALINGSÅS FÖRSAMLING;34.208;33.093;0.253;1.115
2019;ALINGSÅS;BJÄRKE FÖRSAMLING;34.658;33.093;0.253;1.565
2019;ALINGSÅS;HEMSJÖ FÖRSAMLING;34.208;33.093;0.253;1.115
2019;ALINGSÅS;ÖDENÄS FÖRSAMLING;34.208;33.093;0.253;1.115
2019;BORÅS;BORÅS CAROLI FÖRSAMLING;34.038;33.043;0.253;0.995
2019;BORÅS;BORÅS GUSTAV ADOLFS FÖRSAMLING;34.038;33.043;0.253;0.995
2019;BORÅS;BRÄMHULTS FÖRSAMLING;34.038;33.043;0.253;0.995
2019;BORÅS;FRISTADS FÖRSAMLING;34.248;33.043;0.253;1.205
2019;BORÅS;KINNARUMMA FÖRSAMLING;34.348;33.043;0.253;1.305
2019;BORÅS;LÄNGHEMS FÖRSAMLING;34.513;33.043;0.253;1.47
2019;BORÅS;SANDHULT-BREDAREDS FÖRSAMLING;34.188;33.043;0.253;1.145
2019;BORÅS;SEGLORA FÖRSAMLING;34.348;33.043;0.253;1.305
2019;BORÅS;SEXDREGA FÖRSAMLING;34.513;33.043;0.253;1.47
2019;BORÅS;TOARPS FÖRSAMLING;34.458;33.043;0.253;1.415
2019;ULRICEHAMN;HÄLLSTADS FÖRSAMLING;34.088;32.783;0.253;1.305
2019;ULRICEHAMN;HÖSSNA FÖRSAMLING;34.078;32.783;0.253;1.295
2019;ULRICEHAMN;REDVÄGS FÖRSAMLING;34.278;32.783;0.253;1.495
2019;ULRICEHAMN;SÖDRA VINGS FÖRSAMLING;34.088;32.783;0.253;1.305
2019;ULRICEHAMN;TIMMELE FÖRSAMLING;34.078;32.783;0.253;1.295
2019;ULRICEHAMN;ULRICEHAMNS FÖRSAMLING;34.078;32.783;0.253;1.295
2019;ULRICEHAMN;ÅSUNDENS FÖRSAMLING;34.078;32.783;0.253;1.295
2019;ÅMÅL;ÅMÅLS FÖRSAMLING;35.468;34.193;0.253;1.275
2019;MARIESTAD;LUGNÅS FÖRSAMLING;34.348;32.993;0.253;1.355
2019;MARIESTAD;LYRESTADS FÖRSAMLING;34.328;32.993;0.253;1.335
2019;MARIESTAD;MARIESTADS FÖRSAMLING;34.048;32.993;0.253;1.055
2019;MARIESTAD;ULLERVADS FÖRSAMLING;34.348;32.993;0.253;1.355
2019;LIDKÖPING;JÄRPÅS FÖRSAMLING;34.578;32.993;0.253;1.585
2019;LIDKÖPING;KÅLLANDS-RÅDA FÖRSAMLING;34.578;32.993;0.253;1.585
2019;LIDKÖPING;LIDKÖPINGS FÖRSAMLING;34.108;32.993;0.253;1.115
2019;LIDKÖPING;SUNNERSBERGS FÖRSAMLING;34.298;32.993;0.253;1.305
2019;LIDKÖPING;SÄVARE FÖRSAMLING;34.368;32.993;0.253;1.375
2019;LIDKÖPING;ÖRSLÖSA FÖRSAMLING;34.578;32.993;0.253;1.585
2019;SKARA;ARDALA FÖRSAMLING;34.098;32.833;0.253;1.265
2019;SKARA;SKARA DOMKYRKOFÖRSAMLING;34.098;32.833;0.253;1.265
2019;SKARA;VALLE FÖRSAMLING;34.098;32.833;0.253;1.265
2019;SKÖVDE;BERGS FÖRSAMLING;33.948;32.593;0.253;1.355
2019;SKÖVDE;FRÖSVE FÖRSAMLING;33.948;32.593;0.253;1.355
2019;SKÖVDE;GÖTLUNDA FÖRSAMLING;33.948;32.593;0.253;1.355
2019;SKÖVDE;SKULTORPS FÖRSAMLING;33.768;32.593;0.253;1.175
2019;SKÖVDE;SKÖVDE FÖRSAMLING;33.768;32.593;0.253;1.175
2019;SKÖVDE;SVENTORP-FORSBY FÖRSAMLING;33.988;32.593;0.253;1.395
2019;SKÖVDE;VÄRINGS FÖRSAMLING;33.948;32.593;0.253;1.355
2019;SKÖVDE;VÄRSÅS-VAROLA-VRETENS FÖRSAMLING;33.988;32.593;0.253;1.395
2019;HJO;FÅGELÅS FÖRSAMLING;34.308;33.303;0.253;1.005
2019;HJO;HJO FÖRSAMLING;34.308;33.303;0.253;1.005
2019;HJO;KORSBERGA-FRIDENE FÖRSAMLING;34.308;33.303;0.253;1.005
2019;HJO;MOFALLA FÖRSAMLING;34.308;33.303;0.253;1.005
2019;TIDAHOLM;FRÖJEREDS FÖRSAMLING;35.188;33.803;0.253;1.385
2019;TIDAHOLM;HÖKENSÅS FÖRSAMLING;35.188;33.803;0.253;1.385
2019;TIDAHOLM;TIDAHOLMS FÖRSAMLING;35.188;33.803;0.253;1.385
2019;TIDAHOLM;VALSTADS FÖRSAMLING;35.188;33.803;0.253;1.385
2019;TIDAHOLM;VARVS FÖRSAMLING;35.188;33.803;0.253;1.385
2019;FALKÖPING;DALA-BORGUNDA-HÖGSTENA FÖRSAMLING;34.988;33.333;0.253;1.655
2019;FALKÖPING;FALKÖPINGS FÖRSAMLING;34.628;33.333;0.253;1.295
2019;FALKÖPING;FLOBY FÖRSAMLING;35.008;33.333;0.253;1.675
2019;FALKÖPING;GUDHEMS FÖRSAMLING;34.988;33.333;0.253;1.655
2019;FALKÖPING;HORNBORGA FÖRSAMLING;34.988;33.333;0.253;1.655
2019;FALKÖPING;KINNEVEDS FÖRSAMLING;35.008;33.333;0.253;1.675
2019;FALKÖPING;MÖSSEBERGS FÖRSAMLING;34.628;33.333;0.253;1.295
2019;FALKÖPING;SLÖTA-KARLEBY FÖRSAMLING;34.628;33.333;0.253;1.295
2019;FALKÖPING;STENSTORPS FÖRSAMLING;34.988;33.333;0.253;1.655
2019;FALKÖPING;YLLESTADS FÖRSAMLING;34.628;33.333;0.253;1.295
2019;FALKÖPING;ÅSARPS FÖRSAMLING;35.008;33.333;0.253;1.675
2019;FALKÖPING;ÅSLEBYGDENS FÖRSAMLING;34.628;33.333;0.253;1.295
2019;KIL;BODA FÖRSAMLING;34.918;33.803;0.253;1.115
2019;KIL;FRYKERUDS FÖRSAMLING;34.918;33.803;0.253;1.115
2019;KIL;STORA KILS FÖRSAMLING;34.918;33.803;0.253;1.115
2019;EDA;EDA FÖRSAMLING;35.528;34.203;0.253;1.325
2019;EDA;JÄRNSKOG-SKILLINGMARKS FÖRSAMLING;35.528;34.203;0.253;1.325
2019;EDA;KÖLA FÖRSAMLING;35.528;34.203;0.253;1.325
2019;TORSBY;FRYKSÄNDE FÖRSAMLING;35.218;33.953;0.253;1.265
2019;TORSBY;LEKVATTNETS FÖRSAMLING;35.218;33.953;0.253;1.265
2019;TORSBY;VITSANDS FÖRSAMLING;35.218;33.953;0.253;1.265
2019;TORSBY;ÖSTMARKS FÖRSAMLING;35.218;33.953;0.253;1.265
2019;TORSBY;ÖVRE ÄLVDALS FÖRSAMLING;35.343;33.953;0.253;1.39
2019;STORFORS;STORFORS FÖRSAMLING;35.288;33.953;0.253;1.335
2019;HAMMARÖ;HAMMARÖ FÖRSAMLING;34.378;33.553;0.253;0.825
2019;MUNKFORS;FORSHAGA-MUNKFORS FÖRSAMLING;35.058;33.953;0.253;1.105
2019;FORSHAGA;FORSHAGA-MUNKFORS FÖRSAMLING;34.908;33.803;0.253;1.105
2019;GRUMS;ED-BORGVIKS FÖRSAMLING;35.248;33.953;0.253;1.295
2019;GRUMS;GRUMS FÖRSAMLING;35.248;33.953;0.253;1.295
2019;GRUMS;VÄRMSKOGS FÖRSAMLING;35.248;33.953;0.253;1.295
2019;ÅRJÄNG;BLOMSKOGS FÖRSAMLING;35.573;33.903;0.253;1.67
2019;ÅRJÄNG;HOLMEDAL-KARLANDA FÖRSAMLING;35.573;33.903;0.253;1.67
2019;ÅRJÄNG;SILBODALS FÖRSAMLING;35.573;33.903;0.253;1.67
2019;ÅRJÄNG;SILLERUDS FÖRSAMLING;35.573;33.903;0.253;1.67
2019;ÅRJÄNG;TRANKILS FÖRSAMLING;35.573;33.903;0.253;1.67
2019;ÅRJÄNG;TÖCKSMARKS FÖRSAMLING;35.573;33.903;0.253;1.67
2019;ÅRJÄNG;VÄSTRA FÅGELVIKS FÖRSAMLING;35.573;33.903;0.253;1.67
2019;ÅRJÄNG;ÖSTERVALLSKOGS FÖRSAMLING;35.573;33.903;0.253;1.67
2019;SUNNE;GRÄSMARKS FÖRSAMLING;34.888;33.603;0.253;1.285
2019;SUNNE;LYSVIKS FÖRSAMLING;34.998;33.603;0.253;1.395
2019;SUNNE;SUNNE FÖRSAMLING;34.888;33.603;0.253;1.285
2019;SUNNE;VÄSTRA ÄMTERVIKS FÖRSAMLING;34.888;33.603;0.253;1.285
2019;SUNNE;ÖSTRA ÄMTERVIKS FÖRSAMLING;34.888;33.603;0.253;1.285
2019;KARLSTAD;ALSTER-NYEDSBYGDENS FÖRSAMLING;34.193;33.203;0.253;0.99
2019;KARLSTAD;GRAVA FÖRSAMLING;34.118;33.203;0.253;0.915
2019;KARLSTAD;KARLSTADS DOMKYRKOFÖRSAMLING;34.193;33.203;0.253;0.99
2019;KARLSTAD;NORRSTRANDS FÖRSAMLING;34.193;33.203;0.253;0.99
2019;KARLSTAD;NOR-SEGERSTADS FÖRSAMLING;34.268;33.203;0.253;1.065
2019;KARLSTAD;VÄSE-FÅGELVIKS FÖRSAMLING;34.193;33.203;0.253;0.99
2019;KARLSTAD;VÄSTERSTRANDS FÖRSAMLING;34.193;33.203;0.253;0.99
2019;KRISTINEHAMN;KRISTINEHAMNS FÖRSAMLING;35.078;33.903;0.253;1.175
2019;KRISTINEHAMN;RUDSKOGA FÖRSAMLING;35.078;33.903;0.253;1.175
2019;KRISTINEHAMN;VISNUMS FÖRSAMLING;35.078;33.903;0.253;1.175
2019;KRISTINEHAMN;VISNUMS-KILS FÖRSAMLING;35.078;33.903;0.253;1.175
2019;KRISTINEHAMN;ÖLME FÖRSAMLING;35.078;33.903;0.253;1.175
2019;FILIPSTAD;FILIPSTADS FÖRSAMLING;34.818;33.453;0.253;1.365
2019;HAGFORS;EKSHÄRADS FÖRSAMLING;35.128;33.953;0.253;1.175
2019;HAGFORS;HAGFORS-GUSTAV ADOLFS FÖRSAMLING;35.158;33.953;0.253;1.205
2019;HAGFORS;NORRA RÅDA-SUNNEMO FÖRSAMLING;35.158;33.953;0.253;1.205
2019;ARVIKA;ARVIKA VÄSTRA FÖRSAMLING;34.238;32.953;0.253;1.285
2019;ARVIKA;ARVIKA ÖSTRA FÖRSAMLING;34.238;32.953;0.253;1.285
2019;ARVIKA;BRUNSKOGS FÖRSAMLING;34.238;32.953;0.253;1.285
2019;ARVIKA;GLAVA FÖRSAMLING;34.238;32.953;0.253;1.285
2019;ARVIKA;GUNNARSKOGS FÖRSAMLING;34.238;32.953;0.253;1.285
2019;ARVIKA;MANGSKOGS FÖRSAMLING;34.238;32.953;0.253;1.285
2019;ARVIKA;NY FÖRSAMLING;34.238;32.953;0.253;1.285
2019;ARVIKA;STAVNÄS-HÖGERUDS FÖRSAMLING;34.238;32.953;0.253;1.285
2019;ARVIKA;ÄLGÅ FÖRSAMLING;34.238;32.953;0.253;1.285
2019;SÄFFLE;BRO FÖRSAMLING;34.738;33.453;0.253;1.285
2019;SÄFFLE;GILLBERGA FÖRSAMLING;34.738;33.453;0.253;1.285
2019;SÄFFLE;KILA FÖRSAMLING;34.738;33.453;0.253;1.285
2019;SÄFFLE;LÅNGSERUDS FÖRSAMLING;34.738;33.453;0.253;1.285
2019;SÄFFLE;NY-HUGGENÄS FÖRSAMLING;34.738;33.453;0.253;1.285
2019;SÄFFLE;SVANSKOGS FÖRSAMLING;34.738;33.453;0.253;1.285
2019;SÄFFLE;SÄFFLE FÖRSAMLING;34.738;33.453;0.253;1.285
2019;SÄFFLE;SÖDRA VÄRMLANDSNÄS FÖRSAMLING;34.738;33.453;0.253;1.285
2019;SÄFFLE;TVETA FÖRSAMLING;34.738;33.453;0.253;1.285
2019;LEKEBERG;EDSBERGS FÖRSAMLING;35.133;34.233;0.253;0.90
2019;LEKEBERG;KNISTA FÖRSAMLING;35.573;34.233;0.253;1.34
2019;LAXÅ;FINNERÖDJA-TIVEDS FÖRSAMLING;35.363;33.983;0.253;1.38
2019;LAXÅ;RAMUNDEBODA FÖRSAMLING;35.363;33.983;0.253;1.38
2019;LAXÅ;SKAGERSHULTS FÖRSAMLING;35.363;33.983;0.253;1.38
2019;HALLSBERG;HALLSBERGS FÖRSAMLING;34.263;33.353;0.253;0.91
2019;HALLSBERG;SKÖLLERSTA FÖRSAMLING;34.593;33.353;0.253;1.24
2019;HALLSBERG;VIBY FÖRSAMLING;34.563;33.353;0.253;1.21
2019;DEGERFORS;DEGERFORS-NYSUNDS FÖRSAMLING;35.028;34.103;0.253;0.925
2019;HÄLLEFORS;GRYTHYTTANS FÖRSAMLING;35.233;33.853;0.253;1.38
2019;HÄLLEFORS;HÄLLEFORS-HJULSJÖ FÖRSAMLING;35.233;33.853;0.253;1.38
2019;LJUSNARSBERG;LJUSNARSBERGS FÖRSAMLING;34.113;32.823;0.253;1.29
2019;ÖREBRO;ADOLFSBERGS FÖRSAMLING;34.053;33.153;0.253;0.90
2019;ÖREBRO;ALMBY FÖRSAMLING;34.053;33.153;0.253;0.90
2019;ÖREBRO;ASKERS FÖRSAMLING;34.493;33.153;0.253;1.34
2019;ÖREBRO;AXBERGS FÖRSAMLING;34.183;33.153;0.253;1.03
2019;ÖREBRO;GLANSHAMMARS FÖRSAMLING;34.183;33.153;0.253;1.03
2019;ÖREBRO;KVISMARE FÖRSAMLING;34.373;33.153;0.253;1.22
2019;ÖREBRO;LÄNGBRO FÖRSAMLING;34.053;33.153;0.253;0.90
2019;ÖREBRO;LÄNNÄS FÖRSAMLING;34.493;33.153;0.253;1.34
2019;ÖREBRO;MIKAELS FÖRSAMLING;34.053;33.153;0.253;0.90
2019;ÖREBRO;MOSJÖ-TÄBY FÖRSAMLING;34.053;33.153;0.253;0.90
2019;ÖREBRO;TYSSLINGE FÖRSAMLING;34.263;33.153;0.253;1.11
2019;ÖREBRO;ÖREBRO NIKOLAI FÖRSAMLING;34.053;33.153;0.253;0.90
2019;ÖREBRO;ÖREBRO OLAUS PETRI FÖRSAMLING;34.053;33.153;0.253;0.90
2019;KUMLA;EKEBY FÖRSAMLING;34.423;33.403;0.253;1.02
2019;KUMLA;HARDEMO FÖRSAMLING;34.423;33.403;0.253;1.02
2019;KUMLA;KUMLA FÖRSAMLING;34.423;33.403;0.253;1.02
2019;ASKERSUND;ASKERSUND-HAMMARS FÖRSAMLING;34.843;33.753;0.253;1.09
2019;ASKERSUND;LERBÄCKS FÖRSAMLING;34.993;33.753;0.253;1.24
2019;ASKERSUND;SNAVLUNDA FÖRSAMLING;34.993;33.753;0.253;1.24
2019;KARLSKOGA;KARLSKOGA FÖRSAMLING;34.728;33.803;0.253;0.925
2019;NORA;NORA BERGSLAGSFÖRSAMLING;35.463;34.053;0.253;1.41
2019;LINDESBERG;FELLINGSBRO FÖRSAMLING;35.383;34.103;0.253;1.28
2019;LINDESBERG;LINDE BERGSLAGS FÖRSAMLING;35.363;34.103;0.253;1.26
2019;LINDESBERG;NÄSBY FÖRSAMLING;35.383;34.103;0.253;1.28
2019;SKINNSKATTEBERG;SKINNSKATTEBERG MED HED OCH GUNNILBO;34.853;33.643;0.253;1.21
2019;SURAHAMMAR;SURA-RAMNÄS FÖRSAMLING;34.563;33.443;0.253;1.12
2019;KUNGSÖR;KUNGSÖRS FÖRSAMLING;34.343;33.163;0.253;1.18
2019;HALLSTAHAMMAR;HALLSTAHAMMAR-KOLBÄCKS FÖRSAMLING;33.963;32.943;0.253;1.02
2019;NORBERG;NORBERG-KARBENNINGS FÖRSAMLING;35.163;33.793;0.253;1.37
2019;VÄSTERÅS;DINGTUNA-LILLHÄRADS FÖRSAMLING;32.453;31.493;0.253;0.96
2019;VÄSTERÅS;GIDEONSBERGS FÖRSAMLING;32.453;31.493;0.253;0.96
2019;VÄSTERÅS;KUNGSÅRA FÖRSAMLING;32.453;31.493;0.253;0.96
2019;VÄSTERÅS;NORRBO FÖRSAMLING;32.453;31.493;0.253;0.96
2019;VÄSTERÅS;RYTTERNE FÖRSAMLING;32.453;31.493;0.253;0.96
2019;VÄSTERÅS;SKERIKE FÖRSAMLING;32.453;31.493;0.253;0.96
2019;VÄSTERÅS;TILLBERGA FÖRSAMLING;32.453;31.493;0.253;0.96
2019;VÄSTERÅS;VIKSÄNGS FÖRSAMLING;32.453;31.493;0.253;0.96
2019;VÄSTERÅS;VÄSTERÅS BADELUNDA FÖRSAMLING;32.453;31.493;0.253;0.96
2019;VÄSTERÅS;VÄSTERÅS DOMKYRKOFÖRSAMLING;32.453;31.493;0.253;0.96
2019;VÄSTERÅS;VÄSTERÅS LUNDBY FÖRSAMLING;32.453;31.493;0.253;0.96
2019;VÄSTERÅS;VÄSTERÅS-BARKARÖ FÖRSAMLING;32.453;31.493;0.253;0.96
2019;VÄSTERÅS;ÖNSTA FÖRSAMLING;32.453;31.493;0.253;0.96
2019;SALA;KILA FÖRSAMLING;34.863;33.443;0.253;1.42
2019;SALA;KUMLA FÖRSAMLING;34.863;33.443;0.253;1.42
2019;SALA;MÖKLINTA FÖRSAMLING;34.423;33.443;0.253;0.98
2019;SALA;NORRBY FÖRSAMLING;34.423;33.443;0.253;0.98
2019;SALA;SALA FÖRSAMLING;34.423;33.443;0.253;0.98
2019;SALA;TÄRNA FÖRSAMLING;34.863;33.443;0.253;1.42
2019;SALA;VÄSTERFÄRNEBO-FLÄCKEBO FÖRSAMLING;34.933;33.443;0.253;1.49
2019;FAGERSTA;VÄSTANFORS-VÄSTERVÅLA FÖRSAMLING;34.453;33.243;0.253;1.21
2019;KÖPING;KÖPINGSBYGDENS FÖRSAMLING;34.343;33.293;0.253;1.05
2019;KÖPING;MALMA FÖRSAMLING;34.343;33.293;0.253;1.05
2019;ARBOGA;ARBOGABYGDENS FÖRSAMLING;34.853;33.543;0.253;1.31
2019;VANSBRO;JÄRNA MED NÅS OCH ÄPPELBO FÖRSAMLING;35.493;34.183;0.253;1.31
2019;MALUNG-SÄLEN;LIMA-TRANSTRANDS FÖRSAMLING;35.793;34.453;0.253;1.34
2019;MALUNG-SÄLEN;MALUNGS FÖRSAMLING;35.663;34.453;0.253;1.21
2019;GAGNEF;FLODA FÖRSAMLING;35.653;34.423;0.253;1.23
2019;GAGNEF;GAGNEFS FÖRSAMLING;35.653;34.423;0.253;1.23
2019;GAGNEF;MOCKFJÄRDS FÖRSAMLING;35.653;34.423;0.253;1.23
2019;LEKSAND;DJURA FÖRSAMLING;35.063;33.703;0.253;1.36
2019;LEKSAND;LEKSANDS FÖRSAMLING;35.063;33.703;0.253;1.36
2019;LEKSAND;SILJANSNÄS FÖRSAMLING;35.063;33.703;0.253;1.36
2019;LEKSAND;ÅHLS FÖRSAMLING;35.183;33.703;0.253;1.48
2019;RÄTTVIK;BODA FÖRSAMLING;35.023;33.703;0.253;1.32
2019;RÄTTVIK;ORE FÖRSAMLING;35.023;33.703;0.253;1.32
2019;RÄTTVIK;RÄTTVIKS FÖRSAMLING;35.023;33.703;0.253;1.32
2019;ORSA;ORSA FÖRSAMLING;35.683;34.303;0.253;1.38
2019;ÄLVDALEN;IDRE-SÄRNA FÖRSAMLING;36.393;34.673;0.253;1.72
2019;ÄLVDALEN;ÄLVDALENS FÖRSAMLING;35.903;34.673;0.253;1.23
2019;SMEDJEBACKEN;NORRBÄRKE FÖRSAMLING;35.563;34.343;0.253;1.22
2019;SMEDJEBACKEN;SÖDERBÄRKE FÖRSAMLING;35.593;34.343;0.253;1.25
2019;MORA;MORA FÖRSAMLING;35.353;34.223;0.253;1.13
2019;FALUN;ASPEBODA FÖRSAMLING;34.963;33.953;0.253;1.01
2019;FALUN;BJURSÅS FÖRSAMLING;35.183;33.953;0.253;1.23
2019;FALUN;ENVIKENS FÖRSAMLING;35.253;33.953;0.253;1.30
2019;FALUN;FALU KRISTINE FÖRSAMLING;34.963;33.953;0.253;1.01
2019;FALUN;GRYCKSBO FÖRSAMLING;34.963;33.953;0.253;1.01
2019;FALUN;STORA KOPPARBERGS FÖRSAMLING;34.963;33.953;0.253;1.01
2019;FALUN;SUNDBORNS FÖRSAMLING;35.253;33.953;0.253;1.30
2019;FALUN;SVÄRDSJÖ FÖRSAMLING;35.253;33.953;0.253;1.30
2019;FALUN;VIKA-HOSJÖ FÖRSAMLING;34.963;33.953;0.253;1.01
2019;BORLÄNGE;STORA TUNA FÖRSAMLING;35.183;34.303;0.253;0.88
2019;BORLÄNGE;TORSÅNGS FÖRSAMLING;35.183;34.303;0.253;0.88
2019;SÄTER;SÄTERBYGDENS FÖRSAMLING;35.503;34.203;0.253;1.30
2019;HEDEMORA;HEDEMORA, HUSBY OCH GARPENBERGS FÖRS;35.403;34.053;0.253;1.35
2019;AVESTA;AVESTA FÖRSAMLING;35.023;33.853;0.253;1.17
2019;AVESTA;BY FÖRSAMLING;35.133;33.853;0.253;1.28
2019;AVESTA;FOLKÄRNA FÖRSAMLING;35.133;33.853;0.253;1.28
2019;AVESTA;GRYTNÄS FÖRSAMLING;35.023;33.853;0.253;1.17
2019;LUDVIKA;GRÄNGE-SÄFSNÄS FÖRSAMLING;35.213;33.953;0.253;1.26
2019;LUDVIKA;LUDVIKA FÖRSAMLING;35.003;33.953;0.253;1.05
2019;OCKELBO;OCKELBO FÖRSAMLING;35.733;34.523;0.253;1.21
2019;HOFORS;HOFORS FÖRSAMLING;35.773;34.623;0.253;1.15
2019;HOFORS;TORSÅKERS FÖRSAMLING;35.953;34.623;0.253;1.33
2019;OVANÅKER;ALFTA-OVANÅKERS FÖRSAMLING;34.833;33.623;0.253;1.21
2019;NORDANSTIG;BERGSJÖ FÖRSAMLING;35.533;34.273;0.253;1.26
2019;NORDANSTIG;NORDANSTIGSKUSTENS FÖRSAMLING;35.563;34.273;0.253;1.29
2019;LJUSDAL;FÄRILA-KÅRBÖLE FÖRSAMLING;35.163;34.123;0.253;1.04
2019;LJUSDAL;JÄRVSÖ FÖRSAMLING;35.163;34.123;0.253;1.04
2019;LJUSDAL;LJUSDAL-RAMSJÖ FÖRSAMLING;35.163;34.123;0.253;1.04
2019;LJUSDAL;LOS-HAMRA FÖRSAMLING;35.163;34.123;0.253;1.04
2019;GÄVLE;BOMHUS FÖRSAMLING;34.893;34.023;0.253;0.87
2019;GÄVLE;GÄVLE HELIGA TREFALDIGHETS FÖRSAMLIN;34.893;34.023;0.253;0.87
2019;GÄVLE;GÄVLE MARIA FÖRSAMLING;34.893;34.023;0.253;0.87
2019;GÄVLE;GÄVLE STAFFANS FÖRSAMLING;34.893;34.023;0.253;0.87
2019;GÄVLE;HAMRÅNGE FÖRSAMLING;35.134;34.023;0.253;1.111
2019;GÄVLE;HEDESUNDA FÖRSAMLING;34.923;34.023;0.253;0.90
2019;GÄVLE;HILLE FÖRSAMLING;35.134;34.023;0.253;1.111
2019;GÄVLE;VALBO FÖRSAMLING;34.923;34.023;0.253;0.90
2019;SANDVIKEN;JÄRBO FÖRSAMLING;34.563;33.373;0.253;1.19
2019;SANDVIKEN;OVANSJÖ FÖRSAMLING;34.563;33.373;0.253;1.19
2019;SANDVIKEN;SANDVIKENS FÖRSAMLING;34.503;33.373;0.253;1.13
2019;SANDVIKEN;ÅRSUNDA-ÖSTERFÄRNEBO FÖRSAMLING;34.503;33.373;0.253;1.13
2019;SÖDERHAMN;LJUSNE FÖRSAMLING;34.493;33.423;0.253;1.07
2019;SÖDERHAMN;MO-BERGVIKS FÖRSAMLING;34.493;33.423;0.253;1.07
2019;SÖDERHAMN;NORRALA-TRÖNÖ FÖRSAMLING;34.373;33.423;0.253;0.95
2019;SÖDERHAMN;SKOGS FÖRSAMLING;34.493;33.423;0.253;1.07
2019;SÖDERHAMN;SÖDERALA FÖRSAMLING;34.493;33.423;0.253;1.07
2019;SÖDERHAMN;SÖDERHAMN-SANDARNE FÖRSAMLING;34.493;33.423;0.253;1.07
2019;BOLLNÄS;ARBRÅ-UNDERSVIKS FÖRSAMLING;34.643;33.623;0.253;1.02
2019;BOLLNÄS;BOLLNÄS FÖRSAMLING;34.643;33.623;0.253;1.02
2019;BOLLNÄS;HANEBO-SEGERSTA FÖRSAMLING;34.643;33.623;0.253;1.02
2019;BOLLNÄS;RENGSJÖ FÖRSAMLING;34.643;33.623;0.253;1.02
2019;HUDIKSVALL;BJURÅKER-NORRBO FÖRSAMLING;34.531;33.373;0.253;1.158
2019;HUDIKSVALL;DELSBO FÖRSAMLING;34.531;33.373;0.253;1.158
2019;HUDIKSVALL;ENÅNGER-NJUTÅNGERS FÖRSAMLING;34.523;33.373;0.253;1.15
2019;HUDIKSVALL;FORSA-HÖGS FÖRSAMLING;34.403;33.373;0.253;1.03
2019;HUDIKSVALL;HUDIKSVALLSBYGDENS FÖRSAMLING;34.306;33.373;0.253;0.933
2019;ÅNGE;BORGSJÖ-HAVERÖ FÖRSAMLING;36.523;34.873;0.253;1.65
2019;ÅNGE;TORPS FÖRSAMLING;36.443;34.873;0.253;1.57
2019;TIMRÅ;HÄSSJÖ FÖRSAMLING;35.583;34.183;0.253;1.40
2019;TIMRÅ;LJUSTORPS FÖRSAMLING;35.583;34.183;0.253;1.40
2019;TIMRÅ;TIMRÅ FÖRSAMLING;35.503;34.183;0.253;1.32
2019;TIMRÅ;TYNDERÖ FÖRSAMLING;35.583;34.183;0.253;1.40
2019;HÄRNÖSAND;HEMSÖ FÖRSAMLING;36.253;34.883;0.253;1.37
2019;HÄRNÖSAND;HÄGGDÅNGERS FÖRSAMLING;36.253;34.883;0.253;1.37
2019;HÄRNÖSAND;HÄRNÖSANDS DOMKYRKOFÖRSAMLING;36.253;34.883;0.253;1.37
2019;HÄRNÖSAND;HÖGSJÖ FÖRSAMLING;36.253;34.883;0.253;1.37
2019;HÄRNÖSAND;STIGSJÖ FÖRSAMLING;36.253;34.883;0.253;1.37
2019;HÄRNÖSAND;SÄBRÅ FÖRSAMLING;36.253;34.883;0.253;1.37
2019;HÄRNÖSAND;VIKSJÖ FÖRSAMLING;36.253;34.883;0.253;1.37
2019;SUNDSVALL;ALNÖ FÖRSAMLING;35.183;34.133;0.253;1.05
2019;SUNDSVALL;HOLMS FÖRSAMLING;35.583;34.133;0.253;1.45
2019;SUNDSVALL;INDALS FÖRSAMLING;35.583;34.133;0.253;1.45
2019;SUNDSVALL;LIDENS FÖRSAMLING;35.583;34.133;0.253;1.45
2019;SUNDSVALL;NJURUNDA FÖRSAMLING;35.333;34.133;0.253;1.20
2019;SUNDSVALL;SELÅNGERS FÖRSAMLING;35.483;34.133;0.253;1.35
2019;SUNDSVALL;SKÖNS FÖRSAMLING;35.083;34.133;0.253;0.95
2019;SUNDSVALL;STÖDE FÖRSAMLING;35.353;34.133;0.253;1.22
2019;SUNDSVALL;SUNDSVALLS FÖRSAMLING;35.353;34.133;0.253;1.22
2019;SUNDSVALL;SÄTTNA FÖRSAMLING;35.583;34.133;0.253;1.45
2019;SUNDSVALL;TUNA-ATTMARS FÖRSAMLING;35.403;34.133;0.253;1.27
2019;KRAMFORS;BJÄRTRÅ FÖRSAMLING;35.983;34.683;0.253;1.30
2019;KRAMFORS;DALS FÖRSAMLING;35.983;34.683;0.253;1.30
2019;KRAMFORS;GUDMUNDRÅ FÖRSAMLING;35.983;34.683;0.253;1.30
2019;KRAMFORS;NORA-SKOGS FÖRSAMLING;35.983;34.683;0.253;1.30
2019;KRAMFORS;NORDINGRÅ FÖRSAMLING;35.983;34.683;0.253;1.30
2019;KRAMFORS;STYRNÄS FÖRSAMLING;35.983;34.683;0.253;1.30
2019;KRAMFORS;TORSÅKERS FÖRSAMLING;35.983;34.683;0.253;1.30
2019;KRAMFORS;ULLÅNGERS FÖRSAMLING;35.983;34.683;0.253;1.30
2019;KRAMFORS;VIBYGGERÅ FÖRSAMLING;35.983;34.683;0.253;1.30
2019;KRAMFORS;YTTERLÄNNÄS FÖRSAMLING;35.983;34.683;0.253;1.30
2019;SOLLEFTEÅ;BOTEÅ FÖRSAMLING;36.403;34.933;0.253;1.47
2019;SOLLEFTEÅ;EDS FÖRSAMLING;36.103;34.933;0.253;1.17
2019;SOLLEFTEÅ;GRANINGE FÖRSAMLING;36.483;34.933;0.253;1.55
2019;SOLLEFTEÅ;HELGUMS FÖRSAMLING;36.483;34.933;0.253;1.55
2019;SOLLEFTEÅ;JUNSELE FÖRSAMLING;36.103;34.933;0.253;1.17
2019;SOLLEFTEÅ;LÅNGSELE FÖRSAMLING;36.483;34.933;0.253;1.55
2019;SOLLEFTEÅ;MULTRÅ-SÅNGA FÖRSAMLING;36.403;34.933;0.253;1.47
2019;SOLLEFTEÅ;RAMSELE-EDSELE FÖRSAMLING;36.223;34.933;0.253;1.29
2019;SOLLEFTEÅ;RESELE FÖRSAMLING;36.103;34.933;0.253;1.17
2019;SOLLEFTEÅ;SOLLEFTEÅ FÖRSAMLING;36.403;34.933;0.253;1.47
2019;SOLLEFTEÅ;ÅDALS-LIDENS FÖRSAMLING;36.103;34.933;0.253;1.17
2019;SOLLEFTEÅ;ÖVERLÄNNÄS FÖRSAMLING;36.403;34.933;0.253;1.47
2019;ÖRNSKÖLDSVIK;ANUNDSJÖ FÖRSAMLING;35.563;33.983;0.253;1.58
2019;ÖRNSKÖLDSVIK;ARNÄS FÖRSAMLING;35.433;33.983;0.253;1.45
2019;ÖRNSKÖLDSVIK;BJÖRNA FÖRSAMLING;35.483;33.983;0.253;1.50
2019;ÖRNSKÖLDSVIK;GIDEÅ-TREHÖRNINGSJÖ FÖRSAMLING;35.433;33.983;0.253;1.45
2019;ÖRNSKÖLDSVIK;GRUNDSUNDA FÖRSAMLING;35.483;33.983;0.253;1.50
2019;ÖRNSKÖLDSVIK;MO FÖRSAMLING;35.483;33.983;0.253;1.50
2019;ÖRNSKÖLDSVIK;NÄTRA FÖRSAMLING;35.453;33.983;0.253;1.47
2019;ÖRNSKÖLDSVIK;SIDENSJÖ FÖRSAMLING;35.453;33.983;0.253;1.47
2019;ÖRNSKÖLDSVIK;SJÄLEVADS FÖRSAMLING;35.483;33.983;0.253;1.50
2019;ÖRNSKÖLDSVIK;SKORPEDS FÖRSAMLING;35.563;33.983;0.253;1.58
2019;ÖRNSKÖLDSVIK;ÖRNSKÖLDSVIKS FÖRSAMLING;35.353;33.983;0.253;1.37
2019;RAGUNDA;BORGVATTNETS FÖRSAMLING;35.923;34.673;0.253;1.25
2019;RAGUNDA;FORS FÖRSAMLING;35.973;34.673;0.253;1.30
2019;RAGUNDA;RAGUNDA FÖRSAMLING;35.973;34.673;0.253;1.30
2019;RAGUNDA;STUGUNS FÖRSAMLING;35.923;34.673;0.253;1.25
2019;BRÄCKE;BRÄCKE-NYHEMS FÖRSAMLING;36.468;34.843;0.253;1.625
2019;BRÄCKE;HÄLLESJÖ-HÅSJÖ FÖRSAMLING;36.093;34.843;0.253;1.25
2019;BRÄCKE;REVSUND, SUNDSJÖ, BODSJÖ FÖRSAMLING;36.468;34.843;0.253;1.625
2019;KROKOM;ALSENS FÖRSAMLING;35.035;33.623;0.253;1.412
2019;KROKOM;ASPÅS FÖRSAMLING;35.035;33.623;0.253;1.412
2019;KROKOM;FÖLLINGEBYGDENS FÖRSAMLING;35.035;33.623;0.253;1.412
2019;KROKOM;NÄSKOTTS FÖRSAMLING;35.035;33.623;0.253;1.412
2019;KROKOM;OFFERDALS FÖRSAMLING;35.035;33.623;0.253;1.412
2019;KROKOM;RÖDÖNS FÖRSAMLING;35.035;33.623;0.253;1.412
2019;KROKOM;ÅS FÖRSAMLING;35.035;33.623;0.253;1.412
2019;STRÖMSUND;BODUMS FÖRSAMLING;36.173;34.673;0.253;1.50
2019;STRÖMSUND;FJÄLLSJÖ FÖRSAMLING;36.173;34.673;0.253;1.50
2019;STRÖMSUND;FROSTVIKENS FÖRSAMLING;36.173;34.673;0.253;1.50
2019;STRÖMSUND;GÅXSJÖ FÖRSAMLING;36.173;34.673;0.253;1.50
2019;STRÖMSUND;HAMMERDALS FÖRSAMLING;36.173;34.673;0.253;1.50
2019;STRÖMSUND;STRÖM-ALANÄS FÖRSAMLING;36.173;34.673;0.253;1.50
2019;STRÖMSUND;TÅSJÖ FÖRSAMLING;36.173;34.673;0.253;1.50
2019;ÅRE;KALLS FÖRSAMLING;35.073;33.673;0.253;1.40
2019;ÅRE;UNDERSÅKERS FÖRSAMLING;35.073;33.673;0.253;1.40
2019;ÅRE;VÄSTRA STORSJÖBYGDENS FÖRSAMLING;35.073;33.673;0.253;1.40
2019;ÅRE;ÅRE FÖRSAMLING;35.073;33.673;0.253;1.40
2019;BERG;BERGS FÖRSAMLING;35.473;33.973;0.253;1.50
2019;BERG;HACKÅS FÖRSAMLING;35.473;33.973;0.253;1.50
2019;BERG;HEDEBYGDENS FÖRSAMLING;35.823;33.973;0.253;1.85
2019;BERG;OVIKEN-MYSSJÖ FÖRSAMLING;35.473;33.973;0.253;1.50
2019;BERG;RÄTAN-KLÖVSJÖ FÖRSAMLING;35.473;33.973;0.253;1.50
2019;BERG;ÅSARNE FÖRSAMLING;35.473;33.973;0.253;1.50
2019;HÄRJEDALEN;HEDEBYGDENS FÖRSAMLING;35.773;33.923;0.253;1.85
2019;HÄRJEDALEN;SVEGSBYGDENS FÖRSAMLING;35.773;33.923;0.253;1.85
2019;HÄRJEDALEN;TÄNNÄS-LJUSNEDALS FÖRSAMLING;35.773;33.923;0.253;1.85
2019;HÄRJEDALEN;YTTERHOGDALS, ÖVERHOGDALS O ÄNGERSJÖ;35.773;33.923;0.253;1.85
2019;ÖSTERSUND;BRUNFLO FÖRSAMLING;34.873;33.473;0.253;1.40
2019;ÖSTERSUND;FRÖSÖ, SUNNE OCH NORDERÖ FÖRSAMLING;34.673;33.473;0.253;1.20
2019;ÖSTERSUND;HÄGGENÅS-LIT-KYRKÅS FÖRSAMLING;34.773;33.473;0.253;1.30
2019;ÖSTERSUND;LOCKNE FÖRSAMLING;34.873;33.473;0.253;1.40
2019;ÖSTERSUND;MARIEBY FÖRSAMLING;34.873;33.473;0.253;1.40
2019;ÖSTERSUND;NÄS FÖRSAMLING;34.873;33.473;0.253;1.40
2019;ÖSTERSUND;ÖSTERSUNDS FÖRSAMLING;34.643;33.473;0.253;1.17
2019;NORDMALING;NORDMALINGS FÖRSAMLING;35.953;34.853;0.253;1.10
2019;BJURHOLM;BJURHOLMS FÖRSAMLING;35.713;34.703;0.253;1.01
2019;VINDELN;VINDELNS FÖRSAMLING;36.423;35.203;0.253;1.22
2019;ROBERTSFORS;BYGDEÅ FÖRSAMLING;35.873;34.703;0.253;1.17
2019;NORSJÖ;NORSJÖ FÖRSAMLING;35.953;34.953;0.253;1.00
2019;MALÅ;MALÅ FÖRSAMLING;36.103;34.953;0.253;1.15
2019;STORUMAN;STENSELE FÖRSAMLING;36.153;34.703;0.253;1.45
2019;STORUMAN;TÄRNA FÖRSAMLING;35.853;34.703;0.253;1.15
2019;SORSELE;SORSELE FÖRSAMLING;36.353;35.203;0.253;1.15
2019;DOROTEA;DOROTEA-RISBÄCKS FÖRSAMLING;36.853;35.403;0.253;1.45
2019;VÄNNÄS;VÄNNÄS FÖRSAMLING;36.213;35.203;0.253;1.01
2019;VILHELMINA;VILHELMINA FÖRSAMLING;36.453;35.003;0.253;1.45
2019;ÅSELE;ÅSELE-FREDRIKA FÖRSAMLING;36.153;34.703;0.253;1.45
2019;UMEÅ;HOLMSUNDS FÖRSAMLING;35.523;34.403;0.253;1.12
2019;UMEÅ;HÖRNEFORS FÖRSAMLING;35.553;34.403;0.253;1.15
2019;UMEÅ;SÄVAR-HOLMÖNS FÖRSAMLING;35.618;34.403;0.253;1.215
2019;UMEÅ;TAVELSJÖ FÖRSAMLING;35.413;34.403;0.253;1.01
2019;UMEÅ;TEGS FÖRSAMLING;35.413;34.403;0.253;1.01
2019;UMEÅ;UMEÅ LANDSFÖRSAMLING;35.413;34.403;0.253;1.01
2019;UMEÅ;UMEÅ MARIA FÖRSAMLING;35.413;34.403;0.253;1.01
2019;UMEÅ;UMEÅ STADSFÖRSAMLING;35.413;34.403;0.253;1.01
2019;UMEÅ;ÅLIDHEMS FÖRSAMLING;35.413;34.403;0.253;1.01
2019;LYCKSELE;LYCKSELE FÖRSAMLING;36.103;34.653;0.253;1.45
2019;SKELLEFTEÅ;BUREÅ FÖRSAMLING;35.453;34.203;0.253;1.25
2019;SKELLEFTEÅ;BURTRÄSKS FÖRSAMLING;35.483;34.203;0.253;1.28
2019;SKELLEFTEÅ;BYSKE-FÄLLFORS FÖRSAMLING;35.263;34.203;0.253;1.06
2019;SKELLEFTEÅ;JÖRN-BOLIDENS FÖRSAMLING;35.263;34.203;0.253;1.06
2019;SKELLEFTEÅ;KÅGEDALENS FÖRSAMLING;35.263;34.203;0.253;1.06
2019;SKELLEFTEÅ;LÖVÅNGERS FÖRSAMLING;35.483;34.203;0.253;1.28
2019;SKELLEFTEÅ;SKELLEFTEÅ LANDSFÖRSAMLING;35.263;34.203;0.253;1.06
2019;SKELLEFTEÅ;SKELLEFTEÅ S:T OLOVS FÖRSAMLING;35.263;34.203;0.253;1.06
2019;SKELLEFTEÅ;SKELLEFTEÅ S:T ÖRJANS FÖRSAMLING;35.433;34.203;0.253;1.23
2019;ARVIDSJAUR;ARVIDSJAURS FÖRSAMLING;35.643;34.393;0.253;1.25
2019;ARJEPLOG;ARJEPLOGS FÖRSAMLING;36.343;35.093;0.253;1.25
2019;JOKKMOKK;JOKKMOKKS FÖRSAMLING;35.843;34.543;0.253;1.30
2019;ÖVERKALIX;ÖVERKALIX FÖRSAMLING;35.493;34.393;0.253;1.10
2019;KALIX;KALIX FÖRSAMLING;35.043;34.143;0.253;0.90
2019;ÖVERTORNEÅ;ÖVERTORNEÅ FÖRSAMLING;34.543;33.343;0.253;1.20
2019;PAJALA;PAJALA FÖRSAMLING;36.35;35.093;0.253;1.257
2019;GÄLLIVARE;GÄLLIVARE FÖRSAMLING;34.963;34.143;0.253;0.82
2019;GÄLLIVARE;MALMBERGETS FÖRSAMLING;34.963;34.143;0.253;0.82
2019;ÄLVSBYN;ÄLVSBY FÖRSAMLING;35.053;34.043;0.253;1.01
2019;LULEÅ;LULEÅ DOMKYRKOFÖRSAMLING;35.053;34.093;0.253;0.96
2019;LULEÅ;NEDERLULEÅ FÖRSAMLING;34.993;34.093;0.253;0.90
2019;LULEÅ;RÅNEÅ FÖRSAMLING;35.313;34.093;0.253;1.22
2019;PITEÅ;HORTLAX FÖRSAMLING;34.793;33.843;0.253;0.95
2019;PITEÅ;NORRFJÄRDENS FÖRSAMLING;34.873;33.843;0.253;1.03
2019;PITEÅ;PITEÅ FÖRSAMLING;34.763;33.843;0.253;0.92
2019;BODEN;EDEFORS FÖRSAMLING;35.143;34.193;0.253;0.95
2019;BODEN;GUNNARSBYNS FÖRSAMLING;35.143;34.193;0.253;0.95
2019;BODEN;SÄVASTS FÖRSAMLING;35.143;34.193;0.253;0.95
2019;BODEN;ÖVERLULEÅ FÖRSAMLING;35.143;34.193;0.253;0.95
2019;HAPARANDA;HAPARANDA FÖRSAMLING;35.023;34.093;0.253;0.93
2019;KIRUNA;JUKKASJÄRVI FÖRSAMLING;35.633;34.643;0.253;0.99
2019;KIRUNA;KARESUANDO FÖRSAMLING;35.633;34.643;0.253;0.99
2019;KIRUNA;VITTANGI FÖRSAMLING;35.633;34.643;0.253;0.99
